prioridad,bloque,empresa,capa,nombre_capa,capa_que_traía,ojo,estado_real,producto_objetivo,mi_comision,alerta,ciudad,web,c1_nombre,c1_cargo,c1_email,c1_linkedin,c2_nombre,c2_cargo,c2_email,c2_linkedin,c3_nombre,c3_cargo,c3_email,c3_linkedin,email_estado,linkedin_activo,score_0a3,fecha_valid,estado_comercial,fecha_toque_1,fecha_toque_2,primera_linea,duplicado_fusionado
1,B · CORAZÓN,Bacardi USA,Capa 1,RAÍZ LATINA HECHA EN USA,Capa 1,,Contacto encontrado · falta verificar,Brand Access 15K / Experience 30K,1.500 - 3.000,,"Coral Gables, FL (Global/Americas HQ)",https://www.bacardilimited.com,Ned Duggan,Global Chief Marketing Officer & President Bacardi Global Brands,nduggan@bacardi.com,https://www.linkedin.com/in/ned-duggan-99aa893,Mahesh Madhavan,Chief Executive Officer,mmadhavan@bacardi.com,https://www.linkedin.com/in/mahesh-madhavan,John Gomez,Sr. VP Commercial & Marketing Operations,jgomez@bacardi.com,https://www.linkedin.com/in/john-gomez-85aa913,,,,,Contactado (Toque 2),2026-09-29,2026-10-05,Admiro el compromiso inquebrantable de Bacardi con las artes y el liderazgo empresarial en Coral Gables y a nivel global.,Bacardi Limited
1,B · CORAZÓN,Badia Spices,Capa 1,RAÍZ LATINA HECHA EN USA,Capa 1,,Contacto encontrado · falta verificar,Brand Access 15K / Experience 30K,1.500 - 3.000,,"Doral / Miami, FL",https://www.badiaspices.com,Martina Sachs Campos,Marketing Director,martina.campos@badiaspices.com,https://www.linkedin.com/in/martinascampos,Joseph Pepe Badia,President & Chief Executive Officer,pbadia@badiaspices.com,https://www.linkedin.com/in/pepe-badia,Lori Conduris,Marketing Manager & Public Relations,lori.conduris@badiaspices.com,https://www.linkedin.com/in/lori-conduris-12210831,,,,,Por validar,,,"Es un verdadero honor ver cómo Badia Spices, desde Miami, se ha consolidado en el corazón y los hogares de toda la comunidad hispana en Estados Unidos.",
1,B · CORAZÓN,Banesco USA,Capa 1,RAÍZ LATINA HECHA EN USA,Capa 1,,Contacto encontrado · falta verificar,Brand Access 15K / Experience 30K,1.500 - 3.000,,"Coral Gables / Miami, FL",https://www.banescousa.com,Calixto Cali Garcia-Velez,President & Chief Executive Officer,cgarcia-velez@banescousa.com,https://www.linkedin.com/in/caligarciavelez,Carlos Lamourtte,SVP & Head of Commercial & Industrial Banking,clamourtte@banescousa.com,https://www.linkedin.com/in/carlos-lamourtte-a1624b33,Juan Carlos Escotet,Founder and Chairman of the Board,jcescotet@banesco.com,https://www.linkedin.com/in/juan-carlos-escotet,,,,,Contactado (Toque 1),2026-09-29,2026-10-05,Reconocemos el formidable liderazgo de Cali Garcia-Velez consolidando a Banesco USA como el puente fiduciario indispensable para negocios hispanos.,
1,B · CORAZÓN,Cacique Foods,Capa 1,RAÍZ LATINA HECHA EN USA,Capa 1,,Contacto encontrado · falta verificar,Brand Access 15K / Experience 30K,1.500 - 3.000,,"Amarillo, TX / California & Florida Hubs",https://www.caciquefoods.com,Pedro Silveira,Chief Marketing Officer & Commercial Growth Leader,psilveira@caciquefoods.com,https://www.linkedin.com/in/pedro-silveira-8811b5,Gil de Cardenas,Chief Executive Officer,gcardenas@caciquefoods.com,https://www.linkedin.com/in/gil-de-cardenas,Tom Sawyer,Director of Sales & Retail Strategy,tsawyer@caciquefoods.com,https://www.linkedin.com/in/tom-sawyer-59b85b82,,,,,Contactado (Toque 2),2026-09-29,2026-10-05,Un verdadero referente de tradicion y calidad como Cacique Foods ha llevado el autentico sabor de casa a los refrigeradores de todo un pais.,
1,B · CORAZÓN,F. Gavina & Sons (Cafe La Llave / Don Franciscos),Capa 1,RAÍZ LATINA HECHA EN USA,Capa 1,,Contacto encontrado · falta verificar,Brand Access 15K / Experience 30K,1.500 - 3.000,,"Vernon, CA / Florida Distribution",https://www.cafelallave.com,Leonor Gavina-Valls,VP of Marketing,leonor.gavina@gavina.com,https://www.linkedin.com/in/leonor-gavi%C3%B1a-valls-13073525,Michael Gavina,VP Purchasing & Green Coffee Operations,michael.gavina@gavina.com,https://www.linkedin.com/in/michael-gavina-347b582,Pedro L. Gavina,President & Owner,pedro.gavina@gavina.com,https://www.linkedin.com/in/pedro-gavina,,,,,Contactado (Toque 2),2026-09-29,2026-10-05,Un tributo a la historia y excelencia con la que la familia Gavina ha mantenido el estandar mas alto de cafe con autentica pasion latina.,
1,B · CORAZÓN,Pollo Tropical,Capa 1,RAÍZ LATINA HECHA EN USA,(vacía),← asignada,Contacto encontrado · falta verificar,Brand Access 15K / Experience 30K,1.500 - 3.000,,"Miami, FL (HQ)",https://www.pollotropical.com,Enrique Perez-Pantera,Senior Communications & Marketing Director,eperez@pollotropical.com,https://www.linkedin.com/in/enriquepantera,Dirk Montgomery,President & Chief Executive Officer,dmontgomery@pollotropical.com,https://www.linkedin.com/in/dirk-montgomery,Sean Gerrard,Director of Operational Excellence,sgerrard@pollotropical.com,https://www.linkedin.com/in/sean-gerrard-07033b80,,,,,Contactado (Toque 2),2026-09-30,2026-10-06,,Pollo Tropical (Fiesta Restaurant Group)
1,B · CORAZÓN,Ruiz Foods,Capa 1,RAÍZ LATINA HECHA EN USA,(vacía),← asignada,Contacto encontrado · falta verificar,Brand Access 15K / Experience 30K,1.500 - 3.000,,"Frisco, TX / Dinuba, CA",https://www.ruizfoods.com,Kimberli Carroll,President & Chief Executive Officer,kcarroll@ruizfoods.com,https://www.linkedin.com/in/kimberli-carroll,Kathleen Da Cunha,Senior VP Corporate Strategy and R&D,kdacunha@ruizfoods.com,https://www.linkedin.com/in/kathleen-da-cunha-57597614,Hunter McMillan,Commercial Leader in Foodservice,hmcmillan@ruizfoods.com,https://www.linkedin.com/in/mcmillanhunter,,,,,Por validar,,,,Ruiz Foods (El Monterey / Tornados)
1,B · CORAZÓN,Spanish Broadcasting System (SBS),Capa 1,RAÍZ LATINA HECHA EN USA,Capa 1,,Contacto encontrado · falta verificar,Brand Access 15K / Experience 30K,1.500 - 3.000,,"Miami, FL (Mega 97.9 / Z92)",https://www.spanishbroadcasting.com,Richard D. Lara,Chief Operating Officer & General Counsel,rlara@sbshq.com,https://www.linkedin.com/in/richard-d-lara-98791113,Raul Alarcon Jr.,Chairman & Chief Executive Officer,ralarcon@sbshq.com,https://www.linkedin.com/in/raul-alarcon-sbs,Albert Rodriguez,Senior Media Advisor & Former COO,arodriguez@sbshq.com,https://www.linkedin.com/in/albert-rodriguez-sbs,,,,,Por validar,,,Un tributo a la vision de Raul Alarcon y el equipo de SBS manteniendo a la radio hispana en la cuspide del rating y la musica latina en Estados Unidos.,
1,B · CORAZÓN,Nubank,Capa 2,CONEXIÓN MÉXICO · COLOMBIA · LATAM,Capa 2,,Contacto encontrado · falta verificar,Brand Access 15K / Experience 30K,1.500 - 3.000,,Sao Paulo / Miami Office,https://nubank.com.br,Paulina Juaristi,Chief Marketing Officer,paulina.juaristi@nubank.com.br,https://mx.linkedin.com/in/paulina-juaristi,David Velez,"Founder, Chief Executive Officer & Chairman",david.velez@nubank.com.br,https://www.linkedin.com/in/david-velez-nu,Cristina Junqueira,Co-Founder & Chief Growth Officer,cristina.junqueira@nubank.com.br,https://www.linkedin.com/in/cristina-junqueira,,,,,Por validar,,,"Superar los 100 millones de clientes desafiando el status quo bancario convierte a Nu en la mayor inspiración para los 2,500 doers de EXMA.",Nubank (Nu Holdings)
1,B · CORAZÓN,Amerant Bank,Capa 1,RAÍZ LATINA HECHA EN USA,(vacía),← asignada,Encontrado sin email · pendiente verificar buzón,Brand Access 15K / Experience 30K,1.500 - 3.000,,"Coral Gables, FL",amerantbank.com,Jerry Plush,Chairman & Chief Executive Officer,,https://www.linkedin.com/in/jerryplush,Carlos Iafigliola,Executive VP & Chief Operating Officer,,https://www.linkedin.com/in/carlos-iafigliola-97a6181,,,,,,,,2026-09-28,Por validar,,,,
1,B · CORAZÓN,Del Real Foods,Capa 1,RAÍZ LATINA HECHA EN USA,(vacía),← asignada,Encontrado sin email · pendiente verificar buzón,Brand Access 15K / Experience 30K,1.500 - 3.000,,"Mira Loma, CA",delrealfoods.com,Socorro Morales,Vice President of Marketing,,https://www.linkedin.com/in/socorro-morales-6946651,Hector Perez,Chief Executive Officer,,https://www.linkedin.com/in/hector-perez-delreal,,,,,,,,2026-09-28,Por validar,,,,
1,B · CORAZÓN,El Pollo Loco,Capa 1,RAÍZ LATINA HECHA EN USA,(vacía),← asignada,Encontrado sin email · pendiente verificar buzón,Brand Access 15K / Experience 30K,1.500 - 3.000,,"Costa Mesa, CA",elpolloloco.com,Liz Williams,Chief Executive Officer,,https://www.linkedin.com/in/liz-williams-epl,Jill Adams,Chief Marketing Officer,,https://www.linkedin.com/in/jill-adams-epl,,,,,,,,2026-09-28,Por validar,,,,
1,B · CORAZÓN,Fortune International Group,Capa 1,RAÍZ LATINA HECHA EN USA,(vacía),← asignada,Encontrado sin email · pendiente verificar buzón,Brand Access 15K / Experience 30K,1.500 - 3.000,,"Miami, FL",fortuneintlgroup.com,Edgardo Defortuna,President & Chief Executive Officer / Founder,,https://www.linkedin.com/in/edgardodefortuna,Ana Cristina Defortuna,Executive VP & Commercial Director,,https://www.linkedin.com/in/ana-cristina-defortuna-96a847,,,,,,,,2026-09-28,Por validar,,,,
1,B · CORAZÓN,Goya Foods,Capa 1,RAÍZ LATINA HECHA EN USA,Capa 1,,Encontrado sin email · pendiente verificar buzón,Brand Access 15K / Experience 30K,1.500 - 3.000,,"Jersey City, NJ / Miami, FL",goya.com,Melissa Miller,Head of Marketing,,https://www.linkedin.com/in/mellisa-miller-3a516b10b,Bob Unanue,President & Chief Executive Officer,,https://www.linkedin.com/in/bob-unanue-goya,,,,,,,,2026-09-28,Por validar,,,Admiro el liderazgo continuo de Goya celebrando casi nueve décadas alimentando y representando a las familias hispanas en todo Estados Unidos.,
1,B · CORAZÓN,Iberia Foods,Capa 1,RAÍZ LATINA HECHA EN USA,(vacía),← asignada,Encontrado sin email · pendiente verificar buzón,Brand Access 15K / Experience 30K,1.500 - 3.000,,"Brooklyn, NY / Miami, FL",iberiafoods.com,Martín Dihartce,Chief Marketing Officer,,https://www.linkedin.com/in/martin-dihartce-6232233,Samy Jazrawi,Chief Executive Officer,,https://www.linkedin.com/in/samy-jazrawi-584a514,,,,,,,,2026-09-28,Por validar,,,,
1,B · CORAZÓN,Intermex,Capa 1,RAÍZ LATINA HECHA EN USA,(vacía),← asignada,Encontrado sin email · pendiente verificar buzón,Brand Access 15K / Experience 30K,1.500 - 3.000,,"Miami, FL",intermexonline.com,Bob Lisy,"Chairman, President & Chief Executive Officer",,https://www.linkedin.com/in/bob-lisy-intermex,Chris Hunt,Chief Financial Officer,,https://www.linkedin.com/in/chris-hunt-intermex,,,,,,,,2026-09-28,Por validar,,,,
1,B · CORAZÓN,La Banderita (Olé),Capa 1,RAÍZ LATINA HECHA EN USA,Capa 1,,Encontrado sin email · pendiente verificar buzón,Brand Access 15K / Experience 30K,1.500 - 3.000,,"Norcross, GA",olemex.com,Veronica Moreno,Founder & Chief Executive Officer,,https://www.linkedin.com/in/veronica-moreno-ole,Eduardo Moreno,President,,https://www.linkedin.com/in/eduardo-moreno-ole,,,,,,,,2026-09-28,Por validar,,,Una historia inspiradora de liderazgo femenino latino cómo Veronica Moreno levantó una de las mayores empresas de tortillas de Norteamérica.,
1,B · CORAZÓN,La Fe Foods,Capa 1,RAÍZ LATINA HECHA EN USA,(vacía),← asignada,Encontrado sin email · pendiente verificar buzón,Brand Access 15K / Experience 30K,1.500 - 3.000,,"Wood-Ridge, NJ / Miami, FL",lafe.com,Derrick Reckord,President & Chief Executive Officer,,https://www.linkedin.com/in/derrickreckord,Alberto Perez,VP Commercial Operations,,https://www.linkedin.com/in/alberto-perez-lafe,,,,,,,,2026-09-28,Por validar,,,,
1,B · CORAZÓN,Marquez Brothers (El Mexicano),Capa 1,RAÍZ LATINA HECHA EN USA,(vacía),← asignada,Encontrado sin email · pendiente verificar buzón,Brand Access 15K / Experience 30K,1.500 - 3.000,,"San Jose, CA",elmexicano.net,Gustavo Marquez,President & Founder,,https://www.linkedin.com/in/gustavo-marquez-elmexicano,,,,,,,,,,,,2026-09-28,Por validar,,,,
1,B · CORAZÓN,MasTec,Capa 1,RAÍZ LATINA HECHA EN USA,Capa 1,,Encontrado sin email · pendiente verificar buzón,Brand Access 15K / Experience 30K,1.500 - 3.000,,"Coral Gables / Miami, FL",mastec.com,Jose Mas,Chief Executive Officer,,https://www.linkedin.com/in/jose-mas-mastec,Jorge Mas,Chairman of the Board,,https://www.linkedin.com/in/jorge-mas-mastec,,,,,,,,2026-09-28,Por validar,,,Orgullo ver a una compañía fundada por inmigrantes cubanos posicionarse en Fortune 500 liderando la transición energética de Estados Unidos.,
1,B · CORAZÓN,Northgate González Market,Capa 1,RAÍZ LATINA HECHA EN USA,(vacía),← asignada,Encontrado sin email · pendiente verificar buzón,Brand Access 15K / Experience 30K,1.500 - 3.000,,"Anaheim, CA",northgatemarket.com,Marco Gonzalez,Vice President of Marketing,,https://www.linkedin.com/in/marco-gonzalez-northgate,Oscar Gonzalez,Co-Chief Executive Officer,,https://www.linkedin.com/in/oscar-gonzalez-northgate,,,,,,,,2026-09-28,Por validar,,,,
1,B · CORAZÓN,Ocean Bank,Capa 1,RAÍZ LATINA HECHA EN USA,(vacía),← asignada,Encontrado sin email · pendiente verificar buzón,Brand Access 15K / Experience 30K,1.500 - 3.000,,"Miami, FL",oceanbank.com,Agostinho Alfonso Macedo,President & Chief Executive Officer,,https://www.linkedin.com/in/agostinho-alfonso-macedo,Eddie Diaz,Executive VP & Head of Corporate Lending,,https://www.linkedin.com/in/eddie-diaz-oceanbank,,,,,,,,2026-09-28,Por validar,,,,
1,B · CORAZÓN,Pincho,Capa 1,RAÍZ LATINA HECHA EN USA,(vacía),← asignada,Encontrado sin email · pendiente verificar buzón,Brand Access 15K / Experience 30K,1.500 - 3.000,,"Miami, FL",pincho.com,Otto Othman,Co-Founder & Chief Executive Officer,,https://www.linkedin.com/in/ottoothman,Nedal Ahmad,Co-Founder & Chief Culinary Officer,,https://www.linkedin.com/in/nedalahmad,,,,,,,,2026-09-28,Por validar,,,,
1,B · CORAZÓN,Porto's Bakery,Capa 1,RAÍZ LATINA HECHA EN USA,Capa 1,,Encontrado sin email · pendiente verificar buzón,Brand Access 15K / Experience 30K,1.500 - 3.000,,"Glendale, CA",portosbakery.com,Raul Porto Jr.,President & Owner,,https://www.linkedin.com/in/raul-porto-portos,Margarita Porto,Co-Owner & Director,,https://www.linkedin.com/in/margarita-porto-portos,,,,,,,,2026-09-28,Por validar,,,La fila de clientes en Porto's demuestra que la pasión y la receta familiar de Rosa Porto crearon un fenómeno gastronómico en California.,
1,B · CORAZÓN,Related Group,Capa 1,RAÍZ LATINA HECHA EN USA,Capa 1,,Encontrado sin email · pendiente verificar buzón,Brand Access 15K / Experience 30K,1.500 - 3.000,,"Miami, FL",relatedgroup.com,Jon Paul Perez,President,,https://www.linkedin.com/in/jon-paul-perez-related,Jorge M. Perez,Chairman & Chief Executive Officer,,https://www.linkedin.com/in/jorge-m-perez-related,,,,,,,,2026-09-28,Por validar,,,Es una inspiración ver cómo Related Group ha redefinido el horizonte urbano y cultural de Miami integrando arte y arquitectura de clase mundial.,
1,B · CORAZÓN,Sedano's Supermarkets,Capa 1,RAÍZ LATINA HECHA EN USA,(vacía),← asignada,Encontrado sin email · pendiente verificar buzón,Brand Access 15K / Experience 30K,1.500 - 3.000,,"Hialeah, FL",sedanos.com,Pedro Herran,Director of Marketing,,https://www.linkedin.com/in/pedro-herran-sedanos,Jose Herran Jr.,Chief Executive Officer,,https://www.linkedin.com/in/jose-herran-sedanos,,,,,,,,2026-09-28,Por validar,,,,
1,B · CORAZÓN,Sergio's Cuban Kitchen,Capa 1,RAÍZ LATINA HECHA EN USA,(vacía),← asignada,Encontrado sin email · pendiente verificar buzón,Brand Access 15K / Experience 30K,1.500 - 3.000,,"Miami, FL",sergios.com,Carlos Gazitua,President & Chief Executive Officer,,https://www.linkedin.com/in/carlos-gazitua,,,,,,,,,,,,2026-09-28,Por validar,,,,
1,B · CORAZÓN,Superior Grocers,Capa 1,RAÍZ LATINA HECHA EN USA,(vacía),← asignada,Encontrado sin email · pendiente verificar buzón,Brand Access 15K / Experience 30K,1.500 - 3.000,,"Santa Fe Springs, CA",superiorgrocers.com,Richard Wardwell,President & Chief Executive Officer,,https://www.linkedin.com/in/richard-wardwell-superior,Mimi Song,Founder & Chairwoman,,https://www.linkedin.com/in/mimi-song-superior,,,,,,,,2026-09-28,Por validar,,,,
1,B · CORAZÓN,Tampico Beverages,Capa 1,RAÍZ LATINA HECHA EN USA,(vacía),← asignada,Encontrado sin email · pendiente verificar buzón,Brand Access 15K / Experience 30K,1.500 - 3.000,,"Chicago, IL",tampico.com,Scott Miller,Chief Executive Officer,,https://www.linkedin.com/in/scott-miller-tampico,Perry Ellis,VP of Marketing,,https://www.linkedin.com/in/perry-ellis-tampico,,,,,,,,2026-09-28,Por validar,,,,
1,B · CORAZÓN,TelevisaUnivision,Capa 1,RAÍZ LATINA HECHA EN USA,Capa 1,,Encontrado sin email · pendiente verificar buzón,Brand Access 15K / Experience 30K,1.500 - 3.000,,"Miami, FL",televisaunivision.com,Daniel Alegre,Chief Executive Officer,,https://www.linkedin.com/in/daniel-alegre-tu,Pierluigi Gazzolo,Chief Streaming Officer ViX,,https://www.linkedin.com/in/pierluigi-gazzolo,,,,,,,,2026-09-28,Por validar,,,Impresionante el despliegue y crecimiento de ViX consolidando el ecosistema de contenidos en español más influyente del planeta.,
1,B · CORAZÓN,U.S. Century Bank,Capa 1,RAÍZ LATINA HECHA EN USA,Capa 1,,Encontrado sin email · pendiente verificar buzón,Brand Access 15K / Experience 30K,1.500 - 3.000,,"Doral / Miami, FL",uscentury.com,Luis de la Aguilera,President & Chief Executive Officer,,https://www.linkedin.com/in/luis-de-la-aguilera-4a815a13,Martha Guerra-Kattar,Executive VP & Marketing Director,,https://www.linkedin.com/in/martha-guerra-kattar-b65a519,,,,,,,,2026-09-28,Por validar,,,Felicidades por su cotización en NASDAQ y el liderazgo continuo impulsando el financiamiento de pequeños y medianos negocios en Miami-Dade.,
1,B · CORAZÓN,V&E Hospitality,Capa 1,RAÍZ LATINA HECHA EN USA,(vacía),← asignada,Encontrado sin email · pendiente verificar buzón,Brand Access 15K / Experience 30K,1.500 - 3.000,,"Miami Beach, FL",vehospitality.com,Matias Pesce,Chief Executive Officer & Co-Owner,,https://www.linkedin.com/in/matiaspesce,Eduardo Araoz,Managing Partner & Co-Owner,,https://www.linkedin.com/in/eduardo-araoz-ve,,,,,,,,2026-09-28,Por validar,,,,
1,B · CORAZÓN,Vallarta Supermarkets,Capa 1,RAÍZ LATINA HECHA EN USA,(vacía),← asignada,Encontrado sin email · pendiente verificar buzón,Brand Access 15K / Experience 30K,1.500 - 3.000,,"Sylmar, CA",vallartasupermarkets.com,Lizette Gomez,Director of Marketing,,https://www.linkedin.com/in/lizette-gomez-vallarta,Cesar Gonzalez,Chief Operating Officer,,https://www.linkedin.com/in/cesar-gonzalez-vallarta,,,,,,,,2026-09-28,Por validar,,,,
1,B · CORAZÓN,Versailles Restaurant,Capa 1,RAÍZ LATINA HECHA EN USA,Capa 1,,Encontrado sin email · pendiente verificar buzón,Brand Access 15K / Experience 30K,1.500 - 3.000,,"Little Havana / Miami, FL",versaillesrestaurant.com,Felipe Valls Jr.,President & Owner,,https://www.linkedin.com/in/felipe-valls-jr,Nicole Valls,Vice President of Operations & PR,,https://www.linkedin.com/in/nicole-valls-8b17b614,,,,,,,,2026-09-28,Por validar,,,"Versailles es el epicentro social, político y cultural indiscutible de la diáspora hispana y el lugar de encuentro obligado en Miami.",
1,B · CORAZÓN,Aeroméxico,Capa 2,CONEXIÓN MÉXICO · COLOMBIA · LATAM,Capa 2,,Encontrado sin email · pendiente verificar buzón,Brand Access 15K / Experience 30K,1.500 - 3.000,,"Miami, FL / Mexico City",aeromexico.com,Giancarlo Mulinelli,Senior VP Global Sales & North America Commercial,,https://www.linkedin.com/in/giancarlo-mulinelli-9b418012,Andrés Conesa,Chief Executive Officer,,https://www.linkedin.com/in/andres-conesa-aeromexico,,,,,,,,2026-09-28,Por validar,,,Excelente la continua apertura de nuevas rutas conjuntas con Delta fortaleciendo los lazos de negocios entre México y Estados Unidos.,
1,B · CORAZÓN,Alicorp USA,Capa 2,CONEXIÓN MÉXICO · COLOMBIA · LATAM,(vacía),← asignada,Encontrado sin email · pendiente verificar buzón,Brand Access 15K / Experience 30K,1.500 - 3.000,,Lima / Florida Commercial,alicorp.com.pe,Alfredo Perez Gubbins,Former Chief Executive Officer / Advisor,,https://www.linkedin.com/in/alfredo-perez-gubbins,Patricio Jaramillo,Vice President Consumer Goods International,,https://www.linkedin.com/in/patricio-jaramillo-alicorp,,,,,,,,2026-09-28,Por validar,,,,
1,B · CORAZÓN,Arcor USA,Capa 2,CONEXIÓN MÉXICO · COLOMBIA · LATAM,(vacía),← asignada,Encontrado sin email · pendiente verificar buzón,Brand Access 15K / Experience 30K,1.500 - 3.000,,"Miami, FL (US Office)",arcor.com,Marcelo Siano,President Arcor North America,,https://www.linkedin.com/in/marcelo-siano-arcor,Luis Pagani,President & Shareholder Grupo Arcor,,https://www.linkedin.com/in/luis-pagani-arcor,,,,,,,,2026-09-28,Por validar,,,,
1,B · CORAZÓN,Argos USA,Capa 2,CONEXIÓN MÉXICO · COLOMBIA · LATAM,Capa 2,,Encontrado sin email · pendiente verificar buzón,Brand Access 15K / Experience 30K,1.500 - 3.000,,"Alpharetta, GA / Florida Hubs",argos-us.com,Bill Wagner,President Argos USA,,https://www.linkedin.com/in/bill-wagner-argos,Juan Esteban Calle,CEO Cementos Argos,,https://www.linkedin.com/in/juan-esteban-calle-argos,,,,,,,,2026-09-28,Por validar,,,Magistral la combinación de operaciones con Summit Materials creando una de las plataformas de materiales de construcción más potentes de USA.,
1,B · CORAZÓN,Avianca Airlines,Capa 2,CONEXIÓN MÉXICO · COLOMBIA · LATAM,Capa 2,,Encontrado sin email · pendiente verificar buzón,Brand Access 15K / Experience 30K,1.500 - 3.000,,"Miami, FL / Bogota",avianca.com,Frederico Pedreira,Chief Executive Officer,,https://www.linkedin.com/in/frederico-pedreira-avianca,Rolando Damas,Director of Sales North America,,https://www.linkedin.com/in/rolando-damas-avianca,,,,,,,,2026-09-28,Por validar,,,Excelente noticia la consolidación de nuevas frecuencias y rutas directas conectando las principales ciudades de EE. UU. con Suramérica.,
1,B · CORAZÓN,Bancolombia,Capa 2,CONEXIÓN MÉXICO · COLOMBIA · LATAM,Capa 2,,Encontrado sin email · pendiente verificar buzón,Brand Access 15K / Experience 30K,1.500 - 3.000,,"Miami, FL (Brickell)",bancolombia.com,Juan Carlos Mora,Chief Executive Officer,,https://www.linkedin.com/in/juan-carlos-mora-bancolombia,Maria Cristina Arrastia,Executive VP Business,,https://www.linkedin.com/in/maria-cristina-arrastia,,,,,,,,2026-09-28,Por validar,,,Bancolombia es la institución financiera que acompaña el patrimonio y las transacciones estratégicas entre Colombia y Estados Unidos.,
1,B · CORAZÓN,Barcel USA (Takis),Capa 2,CONEXIÓN MÉXICO · COLOMBIA · LATAM,Capa 2,,Encontrado sin email · pendiente verificar buzón,Brand Access 15K / Experience 30K,1.500 - 3.000,,"Coppell, TX",barcel-usa.com,Sandra Peregrina,Marketing Director Barcel USA (Takis),,https://www.linkedin.com/in/sandra-peregrina-takis,Ruben Herrera,VP & General Manager Barcel USA,,https://www.linkedin.com/in/ruben-herrera-barcel,,,,,,,,2026-09-28,Por validar,,,"El fenómeno masivo de Takis Fuego conquistó a la Generación Z en EE. UU., convirtiéndose en el mayor caso de éxito de un snack mexicano en el mundo.",
1,B · CORAZÓN,Becle (1800 Tequila),Capa 2,CONEXIÓN MÉXICO · COLOMBIA · LATAM,Capa 2,,Encontrado sin email · pendiente verificar buzón,Brand Access 15K / Experience 30K,1.500 - 3.000,,"Jersey City, NJ / Coral Gables",proximospirits.com,Juan Domingo Beckmann,Chief Executive Officer Becle,,https://www.linkedin.com/in/juan-domingo-beckmann,Michael Cockram,VP Marketing Proximo Spirits USA,,https://www.linkedin.com/in/michael-cockram-proximo,,,,,,,,2026-09-28,Por validar,,,1800 Tequila y Gran Centenario son la máxima expresión del arte tequilero mexicano compitiendo y ganando en el segmento ultra-premium en USA.,
1,B · CORAZÓN,Bitso,Capa 2,CONEXIÓN MÉXICO · COLOMBIA · LATAM,Capa 2,,Encontrado sin email · pendiente verificar buzón,Brand Access 15K / Experience 30K,1.500 - 3.000,,Mexico / Miami Hub,bitso.com,Daniel Vogel,Co-Founder & Chief Executive Officer,,https://www.linkedin.com/in/danvogel,Bárbara González Briseño,CEO Bitso US & Head of International,,https://www.linkedin.com/in/barbaragonzalezb,,,,,,,,2026-09-28,Por validar,,,Bitso procesa miles de millones de dólares en pagos transfronterizos entre EE. UU. y México reduciendo costos y tiempos para nuestros doers.,
1,B · CORAZÓN,CMI Alimentos,Capa 2,CONEXIÓN MÉXICO · COLOMBIA · LATAM,Capa 2,,Encontrado sin email · pendiente verificar buzón,Brand Access 15K / Experience 30K,1.500 - 3.000,,"Dallas, TX / Miami Commercial",campero.com,Luis Javier Rodas,Managing Director & CEO Pollo Campero USA,,https://www.linkedin.com/in/luis-javier-rodas-campero,Federico Valiente,Director of Marketing USA,,https://www.linkedin.com/in/federico-valiente-campero,,,,,,,,2026-09-28,Por validar,,,CMI es uno de los conglomerados agroindustriales más admirados de América Latina impulsando el desarrollo sostenible y la nutrición regional.,
1,B · CORAZÓN,Cemex USA,Capa 2,CONEXIÓN MÉXICO · COLOMBIA · LATAM,(vacía),← asignada,Encontrado sin email · pendiente verificar buzón,Brand Access 15K / Experience 30K,1.500 - 3.000,,"Houston, TX / Florida Operations",cemexusa.com,Jaime Muguiro,President Cemex USA,,https://www.linkedin.com/in/jaime-muguiro-cemex,Fernando González Olivieri,Chief Executive Officer Cemex,,https://www.linkedin.com/in/fernando-gonzalez-cemex,,,,,,,,2026-09-28,Por validar,,,,
1,B · CORAZÓN,Chedraui USA,Capa 2,CONEXIÓN MÉXICO · COLOMBIA · LATAM,Capa 2,,Encontrado sin email · pendiente verificar buzón,Brand Access 15K / Experience 30K,1.500 - 3.000,,"Commerce, CA",chedrauiusa.com,Carlos Smith,Chief Executive Officer Chedraui USA,,https://www.linkedin.com/in/carlos-smith-chedraui,Antonio Chedraui Eguía,CEO Grupo Comercial Chedraui,,https://www.linkedin.com/in/antonio-chedraui-grupo,,,,,,,,2026-09-28,Por validar,,,Magistral la integración y expansión de Smart & Final y El Super consolidando más de 370 tiendas en el suroeste de EE. UU.,
1,B · CORAZÓN,Cinépolis USA,Capa 2,CONEXIÓN MÉXICO · COLOMBIA · LATAM,(vacía),← asignada,Encontrado sin email · pendiente verificar buzón,Brand Access 15K / Experience 30K,1.500 - 3.000,,"Dallas, TX / Florida Theatres",cinepolisusa.com,Luis Blanco,Chief Executive Officer Cinépolis USA,,https://www.linkedin.com/in/luis-blanco-cinepolis,Alejandro Ramírez Magaña,Chief Executive Officer Cinépolis Global,,https://www.linkedin.com/in/alejandro-ramirez-cinepolis,,,,,,,,2026-09-28,Por validar,,,,
1,B · CORAZÓN,City National Bank FL,Capa 2,CONEXIÓN MÉXICO · COLOMBIA · LATAM,Capa 2,,Encontrado sin email · pendiente verificar buzón,Brand Access 15K / Experience 30K,1.500 - 3.000,,"Miami, FL",citynational.com,Jorge Gonzalez,Vice Chairman & Chief Executive Officer,,https://www.linkedin.com/in/jorge-gonzalez-cnb,Eddie Serrano,Executive VP & Marketing Director,,https://www.linkedin.com/in/eddie-serrano-cnb,,,,,,,,2026-09-28,Por validar,,,"City National Bank of Florida, respaldado por Bci Chile, representa la consolidación bancaria más respetada y sólida del estado de Florida.",
1,B · CORAZÓN,Clip,Capa 2,CONEXIÓN MÉXICO · COLOMBIA · LATAM,(vacía),← asignada,Encontrado sin email · pendiente verificar buzón,Brand Access 15K / Experience 30K,1.500 - 3.000,,Mexico / Miami Office,clip.mx,Adolfo Babatz,Founder & Chief Executive Officer,,https://www.linkedin.com/in/adolfobabatz,,,,,,,,,,,,2026-09-28,Por validar,,,,
1,B · CORAZÓN,Despegar / Decolar,Capa 2,CONEXIÓN MÉXICO · COLOMBIA · LATAM,(vacía),← asignada,Encontrado sin email · pendiente verificar buzón,Brand Access 15K / Experience 30K,1.500 - 3.000,,"Miami, FL / Buenos Aires",despegar.com,Damián Scokin,Chief Executive Officer,,https://www.linkedin.com/in/damian-scokin,Gonzalo Estebarena,Chief Commercial Officer,,https://www.linkedin.com/in/gonzaloestebarena,,,,,,,,2026-09-28,Por validar,,,,
1,B · CORAZÓN,Embraer North America,Capa 2,CONEXIÓN MÉXICO · COLOMBIA · LATAM,Capa 2,,Encontrado sin email · pendiente verificar buzón,Brand Access 15K / Experience 30K,1.500 - 3.000,,"Melbourne & Fort Lauderdale, FL",embraer.com,Michael Amalfitano,President & CEO Embraer Executive Jets,,https://www.linkedin.com/in/michael-amalfitano-embraer,Francisco Gomes Neto,President & CEO Embraer Global,,https://www.linkedin.com/in/francisco-gomes-neto-embraer,,,,,,,,2026-09-28,Por validar,,,Embraer es el mayor orgullo de ingeniería aeroespacial latinoamericana dominando la aviación ejecutiva y regional en Estados Unidos.,
1,B · CORAZÓN,Gruma (Mission Foods),Capa 2,CONEXIÓN MÉXICO · COLOMBIA · LATAM,Capa 2,,Encontrado sin email · pendiente verificar buzón,Brand Access 15K / Experience 30K,1.500 - 3.000,,"Irving, TX",missionfoods.com,Sathish Mohanraju,VP of Marketing & Customer Development,,https://www.linkedin.com/in/sathish-mohanraju-34b7307,Juan Gonzalez Moreno,Chairman & Chief Executive Officer Gruma,,https://www.linkedin.com/in/juan-gonzalez-gruma,,,,,,,,2026-09-28,Por validar,,,Mission Foods es el ejemplo más contundente de una multinacional nacida en México que conquistó las mesas de todo Estados Unidos.,
1,B · CORAZÓN,Grupo Bimbo,Capa 2,CONEXIÓN MÉXICO · COLOMBIA · LATAM,Capa 2,,Encontrado sin email · pendiente verificar buzón,Brand Access 15K / Experience 30K,1.500 - 3.000,,"Horsham, PA",bimbobakeriesusa.com,Leslie Vesper,Senior Vice President of Marketing,,https://www.linkedin.com/in/leslie-vesper-68736811,Greg Koehrsen,President Bimbo Bakeries USA,,https://www.linkedin.com/in/greg-koehrsen,,,,,,,,2026-09-28,Por validar,,,Admiro cómo Bimbo consolidó el liderazgo en panificación en EE. UU. manteniendo sus marcas con profunda identidad latina en cada hogar.,
1,B · CORAZÓN,Grupo Lala,Capa 2,CONEXIÓN MÉXICO · COLOMBIA · LATAM,(vacía),← asignada,Encontrado sin email · pendiente verificar buzón,Brand Access 15K / Experience 30K,1.500 - 3.000,,"Dallas, TX",lalafoods.com,Leonor Slim,"Chief Executive Officer at LALA U.S., Inc.",,https://www.linkedin.com/in/leonor-slim-99358a1a6,Francisco Camacho,Chief Executive Officer Grupo Lala,,https://mx.linkedin.com/in/pacocamacho,,,,,,,,2026-09-28,Por validar,,,,
1,B · CORAZÓN,Grupo Xcaret,Capa 2,CONEXIÓN MÉXICO · COLOMBIA · LATAM,(vacía),← asignada,Encontrado sin email · pendiente verificar buzón,Brand Access 15K / Experience 30K,1.500 - 3.000,,Cancun / Miami Commercial,xcaret.com,Lizeth Álvarez Gorosave,Chief Commercial Officer,,https://www.linkedin.com/in/lizeth-alvarez-gorosave,Miguel Quintana Pali,Founder & Chief Executive Officer,,https://www.linkedin.com/in/miguel-quintana-pali,,,,,,,,2026-09-28,Por validar,,,,
1,B · CORAZÓN,José Cuervo (Proximo),Capa 2,CONEXIÓN MÉXICO · COLOMBIA · LATAM,Capa 2,,Encontrado sin email · pendiente verificar buzón,Brand Access 15K / Experience 30K,1.500 - 3.000,,"Jersey City, NJ / Miami",cuervo.com,Lander Otegui,Senior VP of Marketing Proximo Spirits,,https://www.linkedin.com/in/lander-otegui-proximo,,,,,,,,,,,,2026-09-28,Por validar,,,Cuervo es la referencia histórica del tequila mexicano que abrió el camino a la mayor categoría de destilados en Estados Unidos.,
1,B · CORAZÓN,Mercado Libre,Capa 2,CONEXIÓN MÉXICO · COLOMBIA · LATAM,Capa 2,,Encontrado sin email · pendiente verificar buzón,Brand Access 15K / Experience 30K,1.500 - 3.000,,"Miami, FL (US Hub)",mercadolibre.com,Sean Summers,Executive VP & Chief Marketing Officer,,https://uy.linkedin.com/in/sean-summers-870363,Mariano Migues,Head of US Business Development & Miami Office Lead,,https://www.linkedin.com/in/mariano-migues,,,,,,,,2026-09-28,Contactado (Toque 2),2026-10-01,2026-10-07,Mercado Libre es el mayor orgullo tecnológico de América Latina; su impacto democratizando el comercio y los pagos es histórico.,
1,B · CORAZÓN,Natura & Co,Capa 2,CONEXIÓN MÉXICO · COLOMBIA · LATAM,(vacía),← asignada,Encontrado sin email · pendiente verificar buzón,Brand Access 15K / Experience 30K,1.500 - 3.000,,Sao Paulo / New York Office,naturaeco.com,Fábio Barbosa,Chief Executive Officer,,https://www.linkedin.com/in/fabio-barbosa-natura,David Boynton,Executive Director North America,,https://www.linkedin.com/in/david-boynton-natura,,,,,,,,2026-09-28,Por validar,,,,
1,B · CORAZÓN,Platzi,Capa 2,CONEXIÓN MÉXICO · COLOMBIA · LATAM,Capa 2,,Encontrado sin email · pendiente verificar buzón,Brand Access 15K / Experience 30K,1.500 - 3.000,,"San Francisco, CA / Bogota",platzi.com,Freddy Vega,Founder & Chief Executive Officer,,https://www.linkedin.com/in/freddyvega,Christian Van Der Henst,Co-Founder & President,,https://www.linkedin.com/in/cvander,,,,,,,,2026-09-28,Por validar,,,Platzi ha transformado la vida de millones de estudiantes nunca parando de aprender y convirtiendo a Latinoamérica en potencia tecnológica.,
1,B · CORAZÓN,Rappi,Capa 2,CONEXIÓN MÉXICO · COLOMBIA · LATAM,(vacía),← asignada,Encontrado sin email · pendiente verificar buzón,Brand Access 15K / Experience 30K,1.500 - 3.000,,"Miami, FL / Bogota",rappi.com,Simón Borrero,Co-Founder & Chief Executive Officer,,https://www.linkedin.com/in/simon-borrero,Sebastián Mejía,Co-Founder & President,,https://www.linkedin.com/in/sebastianmejia,,,,,,,,2026-09-28,Por validar,,,,
1,B · CORAZÓN,Servientrega Intl.,Capa 2,CONEXIÓN MÉXICO · COLOMBIA · LATAM,Capa 2,,Encontrado sin email · pendiente verificar buzón,Brand Access 15K / Experience 30K,1.500 - 3.000,,"Miami (Doral), FL",servientregainternational.com,Luz Mary Guerrero Hernandez,President & Shareholder,,https://www.linkedin.com/in/luz-mary-guerrero-servientrega,Jesús Guerrero Hernández,Founder,,https://www.linkedin.com/in/jesus-guerrero-servientrega,,,,,,,,2026-09-28,Por validar,,,Una historia legendaria de doers de cómo Jesús Guerrero empezó en bicicleta y construyó el imperio logístico verde de entrega en Colombia y USA.,
1,B · CORAZÓN,Tecnoglass,Capa 2,CONEXIÓN MÉXICO · COLOMBIA · LATAM,Capa 2,,Encontrado sin email · pendiente verificar buzón,Brand Access 15K / Experience 30K,1.500 - 3.000,,"Miami, FL (Global HQ)",tecnoglass.com,Christian Daes,Chief Operating Officer & Co-Founder,,https://www.linkedin.com/in/christian-daes,José Manuel Daes,Chief Executive Officer & Co-Founder,,https://www.linkedin.com/in/jose-manuel-daes,,,,,,,,2026-09-28,Por validar,,,Orgullo colombo-estadounidense ver a Tecnoglass cotizar en el NYSE e instalar las ventanas de los rascacielos más emblemáticos de Miami.,
1,B · CORAZÓN,Tequila Don Julio,Capa 2,CONEXIÓN MÉXICO · COLOMBIA · LATAM,Capa 2,,Encontrado sin email · pendiente verificar buzón,Brand Access 15K / Experience 30K,1.500 - 3.000,,"Coral Gables, FL (Diageo HQ)",donjulio.com,Christina Choi,Senior Vice President Tequila North America,,https://www.linkedin.com/in/christina-choi-tequila,Catalina Muñoz,Global Brand Director Tequila Don Julio,,https://www.linkedin.com/in/catalinamunoz-donjulio,,,,,,,,2026-09-28,Por validar,,,Don Julio 1942 redefinió la cultura nocturna y las celebraciones en Estados Unidos posicionando el lujo mexicano en la cima mundial.,
1,B · CORAZÓN,Tequila Patrón,Capa 2,CONEXIÓN MÉXICO · COLOMBIA · LATAM,Capa 2,,Encontrado sin email · pendiente verificar buzón,Brand Access 15K / Experience 30K,1.500 - 3.000,,"Coral Gables, FL (Bacardi HQ)",patrontequila.com,Mauricio Vergara,President Patrón Tequila,,https://www.linkedin.com/in/mauricio-vergara-patron,Kathy Parker,Global Brand President Patrón & Grey Goose,,https://www.linkedin.com/in/kathy-parker-patron,,,,,,,,2026-09-28,Por validar,,,Patrón demostró que la devoción por la producción artesanal en Los Altos de Jalisco podía crear una de las marcas más valiosas del planeta.,
1,B · CORAZÓN,Ualá,Capa 2,CONEXIÓN MÉXICO · COLOMBIA · LATAM,(vacía),← asignada,Encontrado sin email · pendiente verificar buzón,Brand Access 15K / Experience 30K,1.500 - 3.000,,Buenos Aires / US Investors,uala.com.ar,Pierpaolo Barbieri,Founder & Chief Executive Officer,,https://www.linkedin.com/in/pierpaolobarbieri,,,,,,,,,,,,2026-09-28,Por validar,,,,
2,C · ECOSISTEMA,Accenture,Capa 4,PATROCINADORES DE CRECIMIENTO LATINO,Capa 2,← CORREGIDA,Contacto encontrado · falta verificar,Brand Access 15K / Experience 30K,1.500 - 3.000,,"Miami, FL / New York, NY",https://www.accenture.com,Jennifer (Pineda) Bodnar,Managing Director & CMO Lead,jennifer.bodnar@accenture.com,https://www.linkedin.com/in/jenniferbodnar,Jill Kramer,Chief Marketing and Communications Officer,jill.kramer@accenture.com,https://www.linkedin.com/in/jill-kramer-b4526b1,Julie Sweet,Chair and Chief Executive Officer,julie.sweet@accenture.com,https://www.linkedin.com/in/juliesweet,,,,,Por validar,,,Destacamos la campaña global de reinvención total de Accenture y su fuerte impulso al liderazgo tecnológico de comunidades hispanas en el sur de la Florida.,
2,C · ECOSISTEMA,Deloitte US,Capa 4,PATROCINADORES DE CRECIMIENTO LATINO,Capa 2,← CORREGIDA,Contacto encontrado · falta verificar,Brand Access 15K / Experience 30K,1.500 - 3.000,,"New York, NY / Miami, FL",https://www.deloitte.com,Scott Mager,US Chief Marketing Officer & Principal,smager@deloitte.com,https://www.linkedin.com/in/scottmager,Kwasi Mitchell,Chief Purpose & Diversity Officer,kwmitchell@deloitte.com,https://www.linkedin.com/in/kwasi-mitchell-060424,Dan Helfrich,Chair & Chief Executive Officer Deloitte Consulting US,dhelfrich@deloitte.com,https://www.linkedin.com/in/dan-helfrich-381a17,,,,,Contactado (Toque 2),2026-09-29,2026-10-05,Admiramos la iniciativa de Deloitte sobre inclusión multicultural y liderazgo de propósito como referente en la transformación organizacional de Norteamérica.,
2,C · ECOSISTEMA,Ernst & Young (EY),Capa 4,PATROCINADORES DE CRECIMIENTO LATINO,Capa 2,← CORREGIDA,Contacto encontrado · falta verificar,Brand Access 15K / Experience 30K,1.500 - 3.000,,"New York, NY / Miami, FL",https://www.ey.com,Jim Klessel,Partner & Commercial Growth Leader,jim.klessel@ey.com,https://www.linkedin.com/in/jim-klessel-45027543,Leslie Patterson,Americas Diversity & Inclusiveness Officer,leslie.patterson@ey.com,https://www.linkedin.com/in/leslie-patterson-ey,Janet Truncale,Global Chair and CEO,janet.truncale@ey.com,https://www.linkedin.com/in/janet-truncale,,,,,Por validar,,,Reconocemos la trayectoria de EY impulsando el EY Entrepreneur of the Year y su compromiso constante con fundadores de alto impacto en Estados Unidos.,
2,C · ECOSISTEMA,Intuit (QuickBooks / TurboTax / Mailchimp),Capa 4,PATROCINADORES DE CRECIMIENTO LATINO,Capa 2,← CORREGIDA,Contacto encontrado · falta verificar,Brand Access 15K / Experience 30K,1.500 - 3.000,,"Mountain View, CA / Florida Offices",https://www.intuit.com,Thomas Ranese,Chief Marketing Officer,thomas_ranese@intuit.com,https://www.linkedin.com/in/thomasranese,Sasan Goodarzi,Chief Executive Officer,sasan_goodarzi@intuit.com,https://www.linkedin.com/in/sasan-goodarzi,Marianna Tessel,Executive VP Small Business & Self-Employed Group,marianna_tessel@intuit.com,https://www.linkedin.com/in/mariannatessel,,,,,Contactado (Toque 2),2026-09-29,2026-10-05,Agradecemos profundamente el papel de QuickBooks e Intuit democratizando herramientas contables e impositivas para miles de emprendedores hispanos.,
2,C · ECOSISTEMA,PwC US,Capa 4,PATROCINADORES DE CRECIMIENTO LATINO,Capa 2,← CORREGIDA,Contacto encontrado · falta verificar,Brand Access 15K / Experience 30K,1.500 - 3.000,,"New York, NY / Miami, FL",https://www.pwc.com,Antonia Wade,Global Chief Marketing Officer,antonia.wade@pwc.com,https://uk.linkedin.com/in/antonia-wade-5859464,Shannon Schuyler,Chief Purpose & Inclusion Officer,shannon.schuyler@pwc.com,https://www.linkedin.com/in/shannonschuyler,Paul Griggs,US Senior Partner & Chief Executive,paul.griggs@pwc.com,https://www.linkedin.com/in/paul-griggs-pwc,,,,,Contactado (Toque 2),2026-09-29,2026-10-05,Seguimos de cerca el reporte de PwC sobre competitividad de talento hispano y su visión de confianza en la era de la inteligencia artificial.,
2,C · ECOSISTEMA,Workday,Capa 4,PATROCINADORES DE CRECIMIENTO LATINO,Capa 2,← CORREGIDA,Contacto encontrado · falta verificar,Brand Access 15K / Experience 30K,1.500 - 3.000,,"Pleasanton, CA / Miami Regional Hub",https://www.workday.com,Emma Chalwin,Chief Marketing Officer,emma.chalwin@workday.com,https://www.linkedin.com/in/emmachalwin,Karen Park Jones,VP Marketing Global Ecosystem,karen.jones@workday.com,https://www.linkedin.com/in/karenparkjones,Carl Eschenbach,Chief Executive Officer,carl.eschenbach@workday.com,https://www.linkedin.com/in/carl-eschenbach,,,,,Contactado (Toque 2),2026-09-29,2026-10-05,Seguimos de cerca el rol de Workday impulsando la innovación en la gestión de capital humano y ERP en la nube para empresas globales.,
2,C · ECOSISTEMA,Adobe Inc.,Capa 4,PATROCINADORES DE CRECIMIENTO LATINO,Capa 4,,Encontrado sin email · pendiente verificar buzón,Brand Access 15K / Experience 30K,1.500 - 3.000,,"San Jose, CA / Florida Hub",adobe.com,Heather Freeland,Chief Brand Officer,,https://www.linkedin.com/in/heatherfreeland,Shantanu Narayen,Chairman & Chief Executive Officer,,https://www.linkedin.com/in/shantanunarayen,,,,,,,,2026-09-28,Por validar,,,Adobe Firefly y Creative Cloud están democratizando las herramientas de diseño e innovación para la nueva generación de creadores latinos.,
2,C · ECOSISTEMA,American Express Company,Capa 4,PATROCINADORES DE CRECIMIENTO LATINO,Capa 4,,Encontrado sin email · pendiente verificar buzón,Brand Access 15K / Experience 30K,1.500 - 3.000,,"New York, NY / Sunrise & Miami, FL",americanexpress.com,Elizabeth Rutledge,Chief Marketing Officer,,https://www.linkedin.com/in/elizabeth-rutledge-amex,Stephen Squeri,Chairman & Chief Executive Officer,,https://www.linkedin.com/in/stephen-squeri-amex,,,,,,,,2026-09-28,Contactado (Toque 1),2026-09-30,2026-10-06,Su iniciativa 'Shop Small' y el respaldo crediticio a negocios fundados por minorías han sido vitales para los emprendedores en Miami.,
2,C · ECOSISTEMA,"Block, Inc. (Square / Cash App)",Capa 4,PATROCINADORES DE CRECIMIENTO LATINO,Capa 4,,Encontrado sin email · pendiente verificar buzón,Brand Access 15K / Experience 30K,1.500 - 3.000,,"San Francisco, CA / Miami Market",block.xyz,Jessica Cook,Head of Marketing International GTM,,https://au.linkedin.com/in/jesscook,Saumil Mehta,Head of Square,,https://www.linkedin.com/in/saumil-mehta,Jack Dorsey,Block Head & Founder,,https://www.linkedin.com/in/jack-dorsey,,,,2026-09-28,Por validar,,,"Square y Cash App han eliminado la fricción bancaria para miles de microempresarios hispanos, acelerando la inclusión financiera.",
2,C · ECOSISTEMA,Google (Alphabet Inc.),Capa 4,PATROCINADORES DE CRECIMIENTO LATINO,Capa 4,,Encontrado sin email · pendiente verificar buzón,Brand Access 15K / Experience 30K,1.500 - 3.000,,"Mountain View, CA / Miami Hub",google.com,Lorraine Twohill,Chief Marketing Officer,,https://www.linkedin.com/in/lorrainetwohill,Sundar Pichai,Chief Executive Officer,,https://www.linkedin.com/in/sundarpichai,,,,,,,,2026-09-28,Por validar,,,La iniciativa 'Google for Latino Founders Fund' y sus herramientas de IA están catapultando la productividad de nuestras empresas.,
2,C · ECOSISTEMA,Meta Platforms (Instagram / WhatsApp),Capa 4,PATROCINADORES DE CRECIMIENTO LATINO,Capa 4,,Encontrado sin email · pendiente verificar buzón,Brand Access 15K / Experience 30K,1.500 - 3.000,,"Menlo Park, CA / Miami Hub",meta.com,Rachael Guana,Head of Marketing,,https://www.linkedin.com/in/rachaelguana,Maren Lau,Regional VP Latin America,,https://www.linkedin.com/in/maren-lau-meta,,,,,,,,2026-09-28,Por validar,,,WhatsApp Business e Instagram son los motores absolutos de ventas y comunicación de millones de negocios hispanos en EE. UU.,
2,C · ECOSISTEMA,"Salesforce, Inc.",Capa 4,PATROCINADORES DE CRECIMIENTO LATINO,Capa 4,,Encontrado sin email · pendiente verificar buzón,Brand Access 15K / Experience 30K,1.500 - 3.000,,"San Francisco, CA / Miami LatAm Hub",salesforce.com,Ariel Kelman,President & Chief Marketing Officer,,https://www.linkedin.com/in/ariel-kelman,Guido Sambiocca,Senior VP Latin America & Florida Enterprise,,https://www.linkedin.com/in/guidosambiocca,Marc Benioff,Chair and Chief Executive Officer,,https://www.linkedin.com/in/marcbenioff,,,,2026-09-28,Por validar,,,Agentforce y Salesforce CRM están redefiniendo cómo las empresas hispanas automatizan su relación con clientes y escalan ventas.,
2,C · ECOSISTEMA,Shopify Inc.,Capa 4,PATROCINADORES DE CRECIMIENTO LATINO,Capa 4,,Encontrado sin email · pendiente verificar buzón,Brand Access 15K / Experience 30K,1.500 - 3.000,,"Ottawa, ON / US Remote & Miami Hub",shopify.com,Harley Finkelstein,President,,https://www.linkedin.com/in/harleyf,Tobi Lütke,Founder & Chief Executive Officer,,https://www.linkedin.com/in/tobiaslutke,,,,,,,,2026-09-28,Contactado (Toque 2),2026-09-30,2026-10-06,Shopify es la plataforma sobre la que miles de marcas latinas independientes han levantado negocios millonarios desde casa.,
2,C · ECOSISTEMA,Visa Inc.,Capa 4,PATROCINADORES DE CRECIMIENTO LATINO,Capa 4,,Encontrado sin email · pendiente verificar buzón,Brand Access 15K / Experience 30K,1.500 - 3.000,,"Miami, FL (Regional HQ LAC)",visa.com,Luciana Resende Lotze,Senior VP & Head of Marketing Latin America & Caribbean,,https://www.linkedin.com/in/lucianaresende,Eduardo Coello,Regional President Visa Latin America & Caribbean,,https://www.linkedin.com/in/eduardo-coello-visa,Ryan McInerney,Chief Executive Officer,,https://www.linkedin.com/in/ryan-mcinerney,,,,2026-09-28,Contactado (Toque 2),2026-09-30,2026-10-06,La iniciativa 'Visa She's Next' y su liderazgo en pagos transfronterizos potencian a miles de dueños de negocios en Florida y la región.,
3,A · ANCLA,AT&T Inc,Capa 3,MARCAS AMERICANAS CON BUDGET HISPANO,Capa 1,← CORREGIDA,Contacto encontrado · falta verificar,Authority 50K / Signature 75K / Presenting 100K,5.000 - 10.000,,"Dallas, TX / South Florida Network Hub",https://www.att.com,Kellyn Smith Kenny,Chief Marketing & Growth Officer,kellyn.kenny@att.com,https://www.linkedin.com/in/kellyn,John Starkweather,AVP Advertising & Digital Marketing,john.starkweather@att.com,https://www.linkedin.com/in/johnstarkweather,John Stankey,Chief Executive Officer,john.stankey@att.com,https://www.linkedin.com/in/john-stankey-att,,,,,Por validar,,,Destacamos el compromiso de AT&T con el programa Connected Learning cerrando la brecha digital de estudiantes y emprendedores latinos.,
3,A · ANCLA,American Airlines,Capa 3,MARCAS AMERICANAS CON BUDGET HISPANO,Capa 1,← CORREGIDA,Contacto encontrado · falta verificar,Authority 50K / Signature 75K / Presenting 100K,5.000 - 10.000,,"Fort Worth, TX / Miami Hub (MIA)",https://www.aa.com,Ron DeFeo,Chief Communications & Marketing Officer,ron.defeo@aa.com,https://www.linkedin.com/in/rondefeo,Juan Carlos Liscano,Vice President Miami Hub Operations,juancarlos.liscano@aa.com,https://www.linkedin.com/in/juan-carlos-liscano-aa,Robert Isom,Chief Executive Officer,robert.isom@aa.com,https://www.linkedin.com/in/robert-isom-aa,,,,,Contactado (Toque 2),2026-09-30,2026-10-06,Valoramos enormemente el rol neurálgico de American Airlines y su hub en MIA como el gran puente de conectividad entre Estados Unidos y Latinoamérica.,
3,A · ANCLA,Best Buy Co,Capa 3,MARCAS AMERICANAS CON BUDGET HISPANO,Capa 2,← CORREGIDA,Contacto encontrado · falta verificar,Authority 50K / Signature 75K / Presenting 100K,5.000 - 10.000,,"Richfield, MN / Miami Locations",https://www.bestbuy.com,Jennie Weber,Chief Marketing Officer,jennie.weber@bestbuy.com,https://www.linkedin.com/in/jennie-weber,Marty Senn,SVP & Chief Marketing Officer Brand,marty.senn@bestbuy.com,https://www.linkedin.com/in/marty-senn-7993a87,Corie Barry,Chief Executive Officer,corie.barry@bestbuy.com,https://www.linkedin.com/in/corie-barry,,,,,Contactado (Toque 2),2026-09-29,2026-10-05,Destacamos la estrategia de Best Buy integrando asesoría experta y tecnología para potenciar la productividad de hogares y empresas.,
3,A · ANCLA,Burger King (Restaurant Brands International),Capa 3,MARCAS AMERICANAS CON BUDGET HISPANO,Capa 3,,Contacto encontrado · falta verificar,Authority 50K / Signature 75K / Presenting 100K,5.000 - 10.000,,"Miami, FL (Global HQ)",https://www.bk.com,Tom Curtis,President Burger King US & Canada,tcurtis@rbi.com,https://www.linkedin.com/in/tom-curtis-43646018,Guillermo Memo Hermosillo Cue,Chief Marketing Officer Burger King / Popeyes LAC,ghermosillo@rbi.com,https://www.linkedin.com/in/memohermosillo,Josh Kobza,Chief Executive Officer RBI,jkobza@rbi.com,https://www.linkedin.com/in/josh-kobza-rbi,,,,,Contactado (Toque 2),2026-09-29,2026-10-05,Celebramos el enorme exito de la campana Reclaim the Flame de Burger King y su continuo arraigo corporativo desde su sede en Miami.,
3,A · ANCLA,Carnival Cruise Line,Capa 3,MARCAS AMERICANAS CON BUDGET HISPANO,Capa 1,← CORREGIDA,Contacto encontrado · falta verificar,Authority 50K / Signature 75K / Presenting 100K,5.000 - 10.000,,"Doral / Miami, FL",https://www.carnival.com,Christine Duffy,President Carnival Cruise Line,cduffy@carnival.com,https://www.linkedin.com/in/christine-duffy-carnival,Arlene Brown,Sr. Director Guest Operations & Marketing Contact,abrown@carnival.com,https://www.linkedin.com/in/arlene-brown-84509b26,Josh Weinstein,CEO & Chief Climate Officer Carnival Corporation,jweinstein@carnival.com,https://www.linkedin.com/in/josh-weinstein-carnival,,,,,Contactado (Toque 2),2026-09-29,2026-10-05,Celebramos el liderazgo global de Carnival desde su sede en Miami y su continua innovación en experiencias de entretenimiento náutico familiar.,
3,A · ANCLA,Charles Schwab,Capa 3,MARCAS AMERICANAS CON BUDGET HISPANO,Capa 2,← CORREGIDA,Contacto encontrado · falta verificar,Authority 50K / Signature 75K / Presenting 100K,5.000 - 10.000,,"Westlake, TX / Miami Branches",https://www.schwab.com,Lisa Ross,"Managing Director, Client Engagement Marketing",lisa.ross@schwab.com,https://www.linkedin.com/in/lisaross-marketing,Jonathan Craig,Managing Director & Head of Investor Services / CMO,jonathan.craig@schwab.com,https://www.linkedin.com/in/jonathan-craig-schwab,Walt Bettinger,Co-Chairman and CEO,walt.bettinger@schwab.com,https://www.linkedin.com/in/walt-bettinger,,,,,Contactado (Toque 2),2026-09-29,2026-10-05,Seguimos con gran interés la consolidación de Schwab como el pilar de asesoría fiduciaria y planeación financiera para ejecutivos de alto patrimonio.,
3,A · ANCLA,Coca-Cola Beverages Florida (Coke Florida),Capa 3,MARCAS AMERICANAS CON BUDGET HISPANO,Capa 3,,Contacto encontrado · falta verificar,Authority 50K / Signature 75K / Presenting 100K,5.000 - 10.000,,"Tampa & Miami, FL",https://www.cocacolaflorida.com,Troy Taylor,Chairman & Chief Executive Officer,ttaylor@cocacolaflorida.com,https://www.linkedin.com/in/troy-taylor-coke,Reagan Calhoun,"Vice President, Chief of Staff to Chairman & CEO",rcalhoun@cocacolaflorida.com,https://www.linkedin.com/in/reagan-calhoun-197bb4109,Jeff Conry,President & Chief Operating Officer,jconry@cocacolaflorida.com,https://www.linkedin.com/in/jeff-conry,,,,,Contactado (Toque 2),2026-09-29,2026-10-05,Gran respeto por el liderazgo de Troy Taylor transformando a Coke Florida en uno de los embotelladores de mayor crecimiento e impacto en Norteamerica.,
3,A · ANCLA,Colgate-Palmolive,Capa 3,MARCAS AMERICANAS CON BUDGET HISPANO,Capa 2,← CORREGIDA,Contacto encontrado · falta verificar,Authority 50K / Signature 75K / Presenting 100K,5.000 - 10.000,,"New York, NY / Miami LatAm HQ",https://www.colgatepalmolive.com,Carolina Incognito,VP Marketing Latin America & Multicultural,carolina_incognito@colpal.com,https://gt.linkedin.com/in/carolina-incognito-75805334,Ari Mandelbaum,VP Marketing & Commercial Innovation,ari_mandelbaum@colpal.com,https://mx.linkedin.com/in/mandel1979,Noel Wallace,"Chairman, President and CEO",noel_wallace@colpal.com,https://www.linkedin.com/in/noel-wallace-colgate,,,,,Contactado (Toque 2),2026-09-29,2026-10-05,Felicitaciones por la campaña continua de Colgate educando y promoviendo la salud y el bienestar en las comunidades más vulnerables de América.,
3,A · ANCLA,Constellation Brands (Modelo / Corona USA),Capa 3,MARCAS AMERICANAS CON BUDGET HISPANO,Capa 3,,Contacto encontrado · falta verificar,Authority 50K / Signature 75K / Presenting 100K,5.000 - 10.000,,"Victor, NY / Chicago Beer Hub",https://www.cbrands.com,Jim Sabia,Executive VP & President Beer Division,jim.sabia@cbrands.com,https://www.linkedin.com/in/jim-sabia-2a5100132,John Linn,Director Brand Marketing Corona Innovation,john.linn@cbrands.com,https://www.linkedin.com/in/john-linn-685481161,Bill Newlands,President & Chief Executive Officer,bill.newlands@cbrands.com,https://www.linkedin.com/in/bill-newlands-cbrands,,,,,Contactado (Toque 2),2026-09-29,2026-10-05,Historico y ejemplar el logro de Modelo convirtiendose en la cerveza mas vendida de Estados Unidos gracias al espiritu inquebrantable de la comunidad hispana.,
3,A · ANCLA,Delta Air Lines,Capa 3,MARCAS AMERICANAS CON BUDGET HISPANO,Capa 1,← CORREGIDA,Contacto encontrado · falta verificar,Authority 50K / Signature 75K / Presenting 100K,5.000 - 10.000,VENCIDO: Alicia Tillman salió de Delta; la reemplazó Ranjan Goswami. Re-enriquecer.,"Atlanta, GA / Miami Operations",https://www.delta.com,Alicia Tillman,Chief Marketing Officer,alicia.tillman@delta.com,https://www.linkedin.com/in/aliciatillman,Rodrigo Bértola,Director of Sales Hispanic & Latin America,rodrigo.bertola@delta.com,https://www.linkedin.com/in/rodrigo-bertola-delta,Ed Bastian,Chief Executive Officer,ed.bastian@delta.com,https://www.linkedin.com/in/ed-bastian-delta,,,,,Contactado (Toque 2),2026-10-01,2026-10-07,Felicitaciones por la excelencia operativa y el galardón continuo a la puntualidad y experiencia al cliente de Delta en rutas norteamericanas e internacionales.,
3,A · ANCLA,Diageo North America,Capa 3,MARCAS AMERICANAS CON BUDGET HISPANO,Capa 1,← CORREGIDA,Contacto encontrado · falta verificar,Authority 50K / Signature 75K / Presenting 100K,5.000 - 10.000,,"New York, NY / Coral Gables Commercial",https://www.diageo.com,Sally Grimes,Chief Executive Officer North America,sally.grimes@diageo.com,https://www.linkedin.com/in/sally-grimes,Cristina Diezhandino,Global Chief Marketing Officer,cristina.diezhandino@diageo.com,https://www.linkedin.com/in/cristina-diezhandino,Luis Perret Gentil,Procurement Director North America,luis.perret@diageo.com,https://www.linkedin.com/in/luisperretgentil/es,,,,,Contactado (Toque 2),2026-09-29,2026-10-05,Felicitaciones por la celebracion y autenticidad con la que marcas como Tequila Don Julio representan el orgullo de nuestra cultura.,
3,A · ANCLA,Fidelity Investments,Capa 3,MARCAS AMERICANAS CON BUDGET HISPANO,Capa 2,← CORREGIDA,Contacto encontrado · falta verificar,Authority 50K / Signature 75K / Presenting 100K,5.000 - 10.000,,"Boston, MA / Florida Regional Centers",https://www.fidelity.com,Lou Aversano,Head of Marketing & Social Platforms,lou.aversano@fidelity.com,https://www.linkedin.com/in/louaversano,Tracy Lemoine,SVP & Chief Marketing Officer Solutions,tracy.lemoine@fidelity.com,https://www.linkedin.com/in/tracy-lemoine-747a077,Abigail Johnson,Chairman and CEO,abigail.johnson@fidelity.com,https://www.linkedin.com/in/abigail-johnson-fidelity,,,,,Por validar,,,Felicitamos a Fidelity por su liderazgo en democratización de inversión y sus recursos educativos dirigidos a la comunidad hispana en Estados Unidos.,
3,A · ANCLA,Florida Blue (GuideWell),Capa 3,MARCAS AMERICANAS CON BUDGET HISPANO,Capa 3,,Contacto encontrado · falta verificar,Authority 50K / Signature 75K / Presenting 100K,5.000 - 10.000,,"Jacksonville, FL / Miami Regional Centers",https://www.floridablue.com,Pat Geraghty,President and CEO GuideWell & Florida Blue,pat.geraghty@floridablue.com,https://www.linkedin.com/in/patrick-geraghty,Brian D. Pieninck,Board Chair & Executive Leader,brian.pieninck@guidewell.com,https://www.linkedin.com/in/briandavidpieninck,Sarah Iselin,Executive VP & Chief Commercial Officer,sarah.iselin@floridablue.com,https://www.linkedin.com/in/sarah-iselin,,,,,Por validar,,,Invaluable la labor comunitaria de Pat Geraghty y Florida Blue asegurando el acceso equitativo a la salud de las familias del sur de la Florida.,
3,A · ANCLA,Florida Power & Light (FPL / NextEra Energy),Capa 3,MARCAS AMERICANAS CON BUDGET HISPANO,Capa 2,← CORREGIDA,Contacto encontrado · falta verificar,Authority 50K / Signature 75K / Presenting 100K,5.000 - 10.000,,"Juno Beach, FL / Miami Operations",https://www.fpl.com,Kimberly Blair,Senior Director External Affairs & Community Relations,kimberly.blair@fpl.com,https://www.linkedin.com/in/kimberly-blair-2861416,Armando Pimentel,President & Chief Executive Officer,armando.pimentel@fpl.com,https://www.linkedin.com/in/armando-pimentel-fpl,John Ketchum,"Chairman, President and CEO NextEra Energy",john.ketchum@nexteraenergy.com,https://www.linkedin.com/in/john-ketchum-nextera,,,,,Contactado (Toque 2),2026-09-29,2026-10-05,Reconocemos la resiliencia y avance en energía limpia que FPL y NextEra despliegan continuamente en la infraestructura estratégica del estado de Florida.,
3,A · ANCLA,Ford Motor Company,Capa 3,MARCAS AMERICANAS CON BUDGET HISPANO,Capa 3,,Contacto encontrado · falta verificar,Authority 50K / Signature 75K / Presenting 100K,5.000 - 10.000,,"Dearborn, MI / Florida Regional Sales",https://www.ford.com,Lisa Materazzo,Global Chief Marketing Officer,lmateraz@ford.com,https://www.linkedin.com/in/lmaterazzo,Jim Farley,President & Chief Executive Officer,jfarley@ford.com,https://www.linkedin.com/in/jim-farley-ford,Natalie Baccarin,VP Marketing Operations,nbaccari@ford.com,https://www.linkedin.com/in/natalie-baccarin-0370b295,,,,,Por validar,,,La solidez y tradicion de la F-150 de Ford es el simbolo vivo de la dedicacion y el esfuerzo de los constructores y emprendedores de Norteamerica.,
3,A · ANCLA,General Mills,Capa 3,MARCAS AMERICANAS CON BUDGET HISPANO,Capa 2,← CORREGIDA,Contacto encontrado · falta verificar,Authority 50K / Signature 75K / Presenting 100K,5.000 - 10.000,,"Minneapolis, MN / South Florida Hub",https://www.generalmills.com,Doug Martin,Chief Brand & Disruptive Growth Officer,doug.martin@genmills.com,https://www.linkedin.com/in/doug-martin-332a831,Jeffrey Harmening,Chairman and Chief Executive Officer,jeffrey.harmening@genmills.com,https://www.linkedin.com/in/jeffrey-harmening,Kofi Bruce,Chief Financial Officer,kofi.bruce@genmills.com,https://www.linkedin.com/in/kofi-bruce,,,,,Por validar,,,Admiramos la estrategia de innovación disruptiva de General Mills y su compromiso con la nutrición y sustentabilidad alimentaria.,
3,A · ANCLA,Heineken USA (Tecate / Dos Equis),Capa 3,MARCAS AMERICANAS CON BUDGET HISPANO,Capa 3,,Contacto encontrado · falta verificar,Authority 50K / Signature 75K / Presenting 100K,5.000 - 10.000,,"White Plains, NY / South Florida Markets",https://www.heinekenusa.com,Brian Thompson,Chief Marketing Officer,brian.thompson@heinekenusa.com,https://www.linkedin.com/in/brian-thompson-8ab942196,Maggie Timoney,Chief Executive Officer,maggie.timoney@heinekenusa.com,https://www.linkedin.com/in/maggie-timoney-heineken,Pedro Alves Antunes,VP Marketing Americas Region,pedro.alves@heineken.com,https://www.linkedin.com/in/pedroalvesantunes,,,,,Por validar,,,Felicitaciones a Brian Thompson por la frescura con la que Heineken USA celebra el caracter y dinamismo del consumidor bicultural en Estados Unidos.,
3,A · ANCLA,Kenvue (Johnson & Johnson Consumer),Capa 3,MARCAS AMERICANAS CON BUDGET HISPANO,Capa 2,← CORREGIDA,Contacto encontrado · falta verificar,Authority 50K / Signature 75K / Presenting 100K,5.000 - 10.000,,"Skillman, NJ / Florida Commercial Centers",https://www.kenvue.com,Charmaine England,Chief Growth Officer,cengland@kenvue.com,https://www.linkedin.com/in/charmaine-england,Joanie Beauchemin,Customer Development & Commercial Leader,jbeauche@kenvue.com,https://ca.linkedin.com/in/joanie-beauchemin,Thibaut Mongon,Chief Executive Officer,tmongon@kenvue.com,https://www.linkedin.com/in/thibaut-mongon,,,,,Por validar,,,Gran reconocimiento al exitoso debut de Kenvue como la compañía de salud del consumidor más grande del mundo y su ciencia enfocada en el cuidado diario.,
3,A · ANCLA,"Lowe's Companies, Inc.",Capa 3,MARCAS AMERICANAS CON BUDGET HISPANO,Capa 3,,Contacto encontrado · falta verificar,Authority 50K / Signature 75K / Presenting 100K,5.000 - 10.000,,"Mooresville, NC / Florida Stores",https://www.lowes.com,Jennifer Wilson,EVP & Chief Marketing Officer,jennifer.wilson@lowes.com,https://www.linkedin.com/in/jennifer-wilson-2641a65,Marvin Ellison,Chairman and Chief Executive Officer,marvin.ellison@lowes.com,https://www.linkedin.com/in/marvin-ellison-lowes,Elyse Blouin,VP & GM Lowe's Media Network,elyse.blouin@lowes.com,https://www.linkedin.com/in/elyseblouin,,,,,Por validar,,,Destacamos la vision de Jennifer Wilson y Marvin Ellison fortaleciendo los lazos de Lowe's con contratistas independientes y comunidades hispanas.,
3,A · ANCLA,Mondelēz International,Capa 3,MARCAS AMERICANAS CON BUDGET HISPANO,Capa 2,← CORREGIDA,Contacto encontrado · falta verificar,Authority 50K / Signature 75K / Presenting 100K,5.000 - 10.000,,"Chicago, IL / Coral Gables, FL (LatAm HQ)",https://www.mondelezinternational.com,Mie-Leng Wong,SVP Global Brands & Chief Marketing Officer,mie-leng.wong@mdlz.com,https://ch.linkedin.com/in/mie-leng-wong,Jonathan Halvorson,SVP Global Consumer Experience & Digital Commerce,jonathan.halvorson@mdlz.com,https://www.linkedin.com/in/jonathanhalvorson,Dirk Van de Put,Chairman and Chief Executive Officer,dirk.vandeput@mdlz.com,https://www.linkedin.com/in/dirk-vandeput,,,,,Contactado (Toque 2),2026-09-29,2026-10-05,Destacamos la visión de Mindful Snacking de Mondelēz y su continua capacidad de reinventar marcas icónicas para nuevas generaciones.,
3,A · ANCLA,New York Life Insurance Company,Capa 3,MARCAS AMERICANAS CON BUDGET HISPANO,Capa 2,← CORREGIDA,Contacto encontrado · falta verificar,Authority 50K / Signature 75K / Presenting 100K,5.000 - 10.000,,"New York, NY / Florida Agencies",https://www.newyorklife.com,Amy Hu,Chief Marketing Officer,amy_hu@newyorklife.com,https://www.linkedin.com/in/amyhu2,Laura Languidey,Latino Market Marketing & Recruiting Manager,laura_languidey@newyorklife.com,https://www.linkedin.com/in/lauralanguidey,Craig DeSanto,"Chair, President and CEO",craig_desanto@newyorklife.com,https://www.linkedin.com/in/craig-desanto,,,,,Contactado (Toque 2),2026-09-29,2026-10-05,Admiramos la solidez centenaria de New York Life y su programa enfocado en el crecimiento patrimonial y protección financiera de familias hispanas.,
3,A · ANCLA,Nissan North America,Capa 3,MARCAS AMERICANAS CON BUDGET HISPANO,Capa 1,← CORREGIDA,Contacto encontrado · falta verificar,Authority 50K / Signature 75K / Presenting 100K,5.000 - 10.000,,"Franklin, TN / Miami Commercial Regional",https://www.nissanusa.com,Marisstella Marinkovic,Chief Marketing Officer US,marisstella.marinkovic@nissan-usa.com,https://www.linkedin.com/in/mmarinkovic,Allyson Witherspoon,Corporate VP Global Marketing,allyson.witherspoon@nissan-usa.com,https://www.linkedin.com/in/allysonwitherspoon,Jeremie Papin,Senior VP & Chairperson Nissan Americas,jeremie.papin@nissan-usa.com,https://www.linkedin.com/in/jeremie-papin-nissan,,,,,Contactado (Toque 2),2026-09-29,2026-10-05,Gran trabajo de Marisstella Marinkovic al frente del marketing de Nissan fortaleciendo la pasion automotriz y la lealtad de la comunidad hispana.,
3,A · ANCLA,Procter & Gamble (P&G),Capa 3,MARCAS AMERICANAS CON BUDGET HISPANO,Capa 1,← CORREGIDA,Contacto encontrado · falta verificar,Authority 50K / Signature 75K / Presenting 100K,5.000 - 10.000,,"Cincinnati, OH / Miami Operations",https://www.pg.com,Marc Pritchard,Chief Brand Officer,pritchard.m@pg.com,https://www.linkedin.com/in/marc-pritchard-pg,Kainaz Gazder,Senior VP & Chief Marketing Officer,gazder.k@pg.com,https://sg.linkedin.com/in/kainaz-gazder-88103a3,Jon R. Moeller,"Chairman, President and CEO",moeller.jr@pg.com,https://www.linkedin.com/in/jon-moeller-pg,,,,,Contactado (Toque 2),2026-09-29,2026-10-05,Inspirador el liderazgo de Marc Pritchard impulsando la efectividad creativa y la inclusión con impacto medible en las marcas de P&G.,
3,A · ANCLA,Remitly Global,Capa 3,MARCAS AMERICANAS CON BUDGET HISPANO,Capa 2,← CORREGIDA,Contacto encontrado · falta verificar,Authority 50K / Signature 75K / Presenting 100K,5.000 - 10.000,,"Seattle, WA / Florida Regional Operations",https://www.remitly.com,Guillaume McIntyre,VP of Growth Marketing,guillaume.mcintyre@remitly.com,https://www.linkedin.com/in/guillaumemcintyre,Matt Oppenheimer,Co-Founder & Chief Executive Officer,matt@remitly.com,https://www.linkedin.com/in/mattoppenheimer,Rishi Sharma,Chief Legal & Corporate Affairs Officer,rishi.sharma@remitly.com,https://www.linkedin.com/in/rishi-sharma-remitly,,,,,Por validar,,,Admiramos la transparencia y rapidez con la que Remitly dignifica el envio de remesas hacia cada rincon de America Latina.,
3,A · ANCLA,Royal Caribbean Group,Capa 3,MARCAS AMERICANAS CON BUDGET HISPANO,Capa 1,← CORREGIDA,Contacto encontrado · falta verificar,Authority 50K / Signature 75K / Presenting 100K,5.000 - 10.000,,"Miami, FL (Port of Miami HQ)",https://www.royalcaribbeangroup.com,Kara Wallace,Chief Marketing Officer,kwallace@rccl.com,https://www.linkedin.com/in/kara-wallace-7359552,Jason Liberty,President & Chief Executive Officer,jliberty@rccl.com,https://www.linkedin.com/in/jason-liberty-rccl,Michael Bayley,President and CEO Royal Caribbean International,mbayley@rccl.com,https://www.linkedin.com/in/michael-bayley-rccl,,,,,Por validar,,,Impactante el lanzamiento del Icon of the Seas y la vanguardia arquitectónica con la que Royal Caribbean revoluciona el turismo global desde Miami.,
3,A · ANCLA,The Hershey Company,Capa 3,MARCAS AMERICANAS CON BUDGET HISPANO,Capa 2,← CORREGIDA,Contacto encontrado · falta verificar,Authority 50K / Signature 75K / Presenting 100K,5.000 - 10.000,,"Hershey, PA / Florida Commercial Hub",https://www.thehersheycompany.com,David Wrubleski,Manager Omnichannel Marketing Strategy,dwrubleski@hersheys.com,https://www.linkedin.com/in/david-wrubleski-83a01172,Michele Buck,"Chairman, President and Chief Executive Officer",mbuck@hersheys.com,https://www.linkedin.com/in/michele-buck-hershey,Rohit Grover,President International,rgrover@hersheys.com,https://www.linkedin.com/in/rohit-grover-hershey,,,,,Contactado (Toque 2),2026-10-01,2026-10-07,Felicitaciones por la innovación continua de The Hershey Company combinando tradición centenaria con nuevas experiencias de indulgencia.,
3,A · ANCLA,The J.M. Smucker Co. (Cafe Bustelo),Capa 3,MARCAS AMERICANAS CON BUDGET HISPANO,Capa 1,← CORREGIDA,Contacto encontrado · falta verificar,Authority 50K / Signature 75K / Presenting 100K,5.000 - 10.000,,"Orrville, OH / Miami Operations",https://www.cafebustelo.com,Gail Hollander,Chief Marketing Officer,gail.hollander@jmsmucker.com,https://www.linkedin.com/in/gail-hollander-43b8397,Katie Williams,Chief Marketing Officer Coffee Division,katie.williams@jmsmucker.com,https://www.linkedin.com/in/katie-williams1913,Mark Smucker,"Chair of the Board, President and CEO",mark.smucker@jmsmucker.com,https://www.linkedin.com/in/mark-smucker,,,,,Contactado (Toque 2),2026-09-29,2026-10-05,El sabor inconfundible y la identidad audaz de Cafe Bustelo es el latido matutino que une a todos los profesionales hispanos de Estados Unidos.,
3,A · ANCLA,The Kraft Heinz Company,Capa 3,MARCAS AMERICANAS CON BUDGET HISPANO,Capa 2,← CORREGIDA,Contacto encontrado · falta verificar,Authority 50K / Signature 75K / Presenting 100K,5.000 - 10.000,,"Chicago, IL / Miami Hub",https://www.kraftheinzcompany.com,Diana Frost,Global Chief Growth Officer,diana.frost@kraftheinz.com,https://www.linkedin.com/in/diana-frost-growth,Carlos Abrams-Rivera,Chief Executive Officer,carlos.abrams-rivera@kraftheinz.com,https://www.linkedin.com/in/carlos-abrams-rivera,Todd Kaplan,Chief Growth & Marketing Officer North America,todd.kaplan@kraftheinz.com,https://www.linkedin.com/in/todd-kaplan,,,,,Contactado (Toque 2),2026-09-29,2026-10-05,Un orgullo ver el liderazgo de Carlos Abrams-Rivera al frente de Kraft Heinz transformando la agilidad creativa y comercial del portafolio.,
3,A · ANCLA,The Wendy's Company,Capa 3,MARCAS AMERICANAS CON BUDGET HISPANO,Capa 3,,Contacto encontrado · falta verificar,Authority 50K / Signature 75K / Presenting 100K,5.000 - 10.000,,"Dublin, OH / Florida Operations",https://www.wendys.com,Lindsay Radkoski,Chief Marketing Officer U.S.,lindsay.radkoski@wendys.com,https://www.linkedin.com/in/lindsay-radkoski,Kirk Tanner,President & Chief Executive Officer,kirk.tanner@wendys.com,https://www.linkedin.com/in/kirk-tanner-wendys,Liz Geraghty,Chief Marketing Officer International,liz.geraghty@wendys.com,https://www.linkedin.com/in/liz-geraghty-4173a75,,,,,Contactado (Toque 2),2026-09-29,2026-10-05,Admiramos la genialidad en redes y la consistencia de Wendy's construyendo una voz de marca fresca y autentica que lidera la conversacion de la industria.,
3,A · ANCLA,Verizon Communications,Capa 3,MARCAS AMERICANAS CON BUDGET HISPANO,Capa 1,← CORREGIDA,Contacto encontrado · falta verificar,Authority 50K / Signature 75K / Presenting 100K,5.000 - 10.000,,"New York, NY / Florida Regional Operations",https://www.verizon.com,Leslie Berland,Executive VP & Chief Marketing Officer,leslie.berland@verizon.com,https://www.linkedin.com/in/leslie-berland-1741781,Tom Zimmerman,SVP & Chief Marketing Officer Verizon Business,tom.zimmerman@verizon.com,https://www.linkedin.com/in/tomzimmerman1,Hans Vestberg,Chairman and Chief Executive Officer,hans.vestberg@verizon.com,https://www.linkedin.com/in/hans-vestberg,,,,,Contactado (Toque 1),2026-09-30,2026-10-06,Felicitaciones a Leslie Berland por su enfoque humano y dinamico reposicionando a Verizon como la red de confianza de los creadores y lideres de negocios.,
3,A · ANCLA,Walmart Inc.,Capa 3,MARCAS AMERICANAS CON BUDGET HISPANO,Capa 3,,Contacto encontrado · falta verificar,Authority 50K / Signature 75K / Presenting 100K,5.000 - 10.000,,"Bentonville, AR / South Florida Stores",https://www.walmart.com,William White,Chief Marketing Officer,william.white@walmart.com,https://www.linkedin.com/in/williamallenwhite,Donna Morris,Executive VP & Chief People Officer,donna.morris@walmart.com,https://www.linkedin.com/in/donnamorris,Doug McMillon,President & Chief Executive Officer,doug.mcmillon@walmart.com,https://www.linkedin.com/in/doug-mcmillon,,,,,Contactado (Toque 2),2026-09-29,2026-10-05,La iniciativa 'Juntos Somos Más' y el apoyo continuo a proveedores hispanos demuestran el compromiso de Walmart con nuestra comunidad.,Walmart Inc
3,A · ANCLA,Western Union,Capa 3,MARCAS AMERICANAS CON BUDGET HISPANO,Capa 2,← CORREGIDA,Contacto encontrado · falta verificar,Authority 50K / Signature 75K / Presenting 100K,5.000 - 10.000,,"Denver, CO / Miami Regional Offices",https://www.westernunion.com,Devin McGranahan,President & Chief Executive Officer,devin.mcgranahan@westernunion.com,https://www.linkedin.com/in/devin-mcgranahan,Tyler Hand,Chief Compliance & Ethics Officer,tyler.hand@westernunion.com,https://www.linkedin.com/in/tyler-hand-wu,Bob Rupczynski,Senior Advisor Global Digital Marketing,bob.rupczynski@westernunion.com,https://www.linkedin.com/in/bobrup,,,,,Contactado (Toque 2),2026-09-29,2026-10-05,Seguimos de cerca la evolucion del ecosistema de billeteras digitales de Western Union para servir a comunidades en movimiento.,
3,A · ANCLA,Anheuser-Busch InBev,Capa 3,MARCAS AMERICANAS CON BUDGET HISPANO,Capa 3,,Encontrado sin email · pendiente verificar buzón,Authority 50K / Signature 75K / Presenting 100K,5.000 - 10.000,,"St. Louis, MO / New York, NY",ab-inbev.com,Marcel Marcondes,Global Chief Marketing Officer,,https://www.linkedin.com/in/marcel-marcondes-abinbev,Brendan Whitworth,Chief Executive Officer Anheuser-Busch US,,https://www.linkedin.com/in/brendan-whitworth-ab,,,,,,,,2026-09-28,Contactado (Toque 2),2026-09-30,2026-10-06,Michelob Ultra y Corona han sabido conectar con el estilo de vida activo y la pasión deportiva de la comunidad hispana en EE. UU.,
3,A · ANCLA,General Motors (Chevrolet),Capa 3,MARCAS AMERICANAS CON BUDGET HISPANO,Capa 3,,Encontrado sin email · pendiente verificar buzón,Authority 50K / Signature 75K / Presenting 100K,5.000 - 10.000,,"Detroit, MI / Florida Markets",gm.com,Norm de Greve,Senior VP & Global Chief Marketing Officer,,https://www.linkedin.com/in/normdegreve,Steve Majoros,VP of Marketing Chevrolet,,https://www.linkedin.com/in/steve-majoros-gm,Mary Barra,Chair and Chief Executive Officer,,https://www.linkedin.com/in/mary-barra-gm,,,,2026-09-28,Por validar,,,Chevrolet Silverado y la transición eléctrica de GM conectan profundamente con los emprendedores y trabajadores de nuestra comunidad.,
3,A · ANCLA,JPMorgan Chase & Co.,Capa 3,MARCAS AMERICANAS CON BUDGET HISPANO,Capa 3,,Encontrado sin email · pendiente verificar buzón,Authority 50K / Signature 75K / Presenting 100K,5.000 - 10.000,,"New York, NY / Miami Private Banking",jpmorganchase.com,Carla Hassan,Chief Marketing Officer,,https://www.linkedin.com/in/carla-hassan-jpmc,Silvana Montenegro,Global Head of Advancing Hispanics & Latinos,,https://www.linkedin.com/in/silvana-montenegro-jpmc,Jamie Dimon,Chairman and Chief Executive Officer,,https://www.linkedin.com/in/jamie-dimon-jpmc,,,,2026-09-28,Por validar,,,La iniciativa 'Advancing Black and Hispanic Wealth' y su compromiso crediticio en Miami marcan la pauta en inclusión económica.,
3,A · ANCLA,State Farm Insurance,Capa 3,MARCAS AMERICANAS CON BUDGET HISPANO,Capa 3,,Encontrado sin email · pendiente verificar buzón,Authority 50K / Signature 75K / Presenting 100K,5.000 - 10.000,,"Bloomington, IL / Florida Operations",statefarm.com,Kristyn Cook,"Executive VP & Chief Agency, Sales & Marketing Officer",,https://www.linkedin.com/in/kristyn-cook-statefarm,Michael Tipsord,Chairman and Chief Executive Officer,,https://www.linkedin.com/in/michael-tipsord-statefarm,,,,,,,,2026-09-28,Por validar,,,Su presencia comunitaria con agentes locales bilingües convierte a State Farm en el vecino de confianza de millones de hogares hispanos.,
3,A · ANCLA,T-Mobile US,Capa 3,MARCAS AMERICANAS CON BUDGET HISPANO,Capa 3,,Encontrado sin email · pendiente verificar buzón,Authority 50K / Signature 75K / Presenting 100K,5.000 - 10.000,,"Bellevue, WA / Florida Regional",t-mobile.com,Mike Katz,"President of Marketing, Strategy & Products",,https://www.linkedin.com/in/mikekatz,Mike Sievert,Chief Executive Officer,,https://www.linkedin.com/in/mike-sievert,,,,,,,,2026-09-28,Contactado (Toque 2),2026-10-01,2026-10-07,T-Mobile y Metro han revolucionado la conectividad móvil de las familias hispanas con planes transparentes y gran arraigo cultural.,
3,A · ANCLA,Taco Bell Corp. (Yum! Brands),Capa 3,MARCAS AMERICANAS CON BUDGET HISPANO,Capa 3,,Encontrado sin email · pendiente verificar buzón,Authority 50K / Signature 75K / Presenting 100K,5.000 - 10.000,,"Irvine, CA",tacobell.com,Luis Restrepo,Chief Marketing Officer Taco Bell US,,https://www.linkedin.com/in/luis-restrepo-75b272100,Sean Tresvant,Chief Executive Officer Taco Bell Corp.,,https://www.linkedin.com/in/sean-tresvant,,,,,,,,2026-09-28,Contactado (Toque 1),2026-09-30,2026-10-06,Brillante la modernización cultural del menú y la continua celebración del sabor y la creatividad en el mercado norteamericano.,
3,A · ANCLA,Target Corporation,Capa 3,MARCAS AMERICANAS CON BUDGET HISPANO,Capa 3,,Encontrado sin email · pendiente verificar buzón,Authority 50K / Signature 75K / Presenting 100K,5.000 - 10.000,,"Minneapolis, MN / Florida Stores",target.com,Lisa Roath,Executive VP & Chief Marketing Officer,,https://www.linkedin.com/in/lisa-roath,Brian Cornell,Board Chair and Chief Executive Officer,,https://www.linkedin.com/in/brian-cornell-target,,,,,,,,2026-09-28,Contactado (Toque 2),2026-09-30,2026-10-06,La aceleradora 'Target Más Que' y su inversión en marcas fundadas por latinos reflejan un liderazgo indiscutible en inclusión.,
3,A · ANCLA,The Home Depot,Capa 3,MARCAS AMERICANAS CON BUDGET HISPANO,Capa 3,,Encontrado sin email · pendiente verificar buzón,Authority 50K / Signature 75K / Presenting 100K,5.000 - 10.000,,"Atlanta, GA / South Florida Stores",homedepot.com,Molly Battin,Senior VP & Chief Marketing Officer,,https://www.linkedin.com/in/molly-battin,Ted Decker,"Chair, President and CEO",,https://www.linkedin.com/in/ted-decker-homedepot,Hector Padilla,Executive VP US Stores and Operations,,https://www.linkedin.com/in/hector-padilla-homedepot,,,,2026-09-28,Contactado (Toque 2),2026-09-30,2026-10-06,El programa de apoyo a contratistas hispanos y la alianza con la Hispanic Heritage Foundation son un referente de impacto comunitario.,
3,A · ANCLA,Wells Fargo & Company,Capa 3,MARCAS AMERICANAS CON BUDGET HISPANO,Capa 3,,Encontrado sin email · pendiente verificar buzón,Authority 50K / Signature 75K / Presenting 100K,5.000 - 10.000,,"San Francisco, CA / Miami Commercial Hub",wellsfargo.com,Reetika Grewal,Head of Digital for Commercial Banking & Payments,,https://www.linkedin.com/in/reetika-grewal,Charlie Scharf,Chief Executive Officer & President,,https://www.linkedin.com/in/charliescharf,,,,,,,,2026-09-28,Por validar,,,El programa 'Our Money 101' y el financiamiento hipotecario a familias latinas demuestran su compromiso con el patrimonio hispano.,
1,B · CORAZÓN,Tapatío Hot Sauce,Capa 1,RAÍZ LATINA HECHA EN USA,Capa 1,,Contacto encontrado · falta verificar,Brand Access 15K / Experience 30K,1.500 - 3.000,,"Raíz mexicana · Vernon, CA",https://www.tapatohotsauce.com,Luis Saavedra,VP of Operations & Marketing,,https://www.linkedin.com/in/luissaavedra,,,,,,,,,,Sí,2,2026-09-28,Por validar,,,Admiro cómo Tapatío ha trascendido generaciones para convertirse en un emblema cultural hispano en los hogares y restaurantes de EE. UU.,
1,B · CORAZÓN,Siete Foods,Capa 1,RAÍZ LATINA HECHA EN USA,Capa 1,,Contacto encontrado · falta verificar,Brand Access 15K / Experience 30K,1.500 - 3.000,,"Raíz mexicana · Austin, TX",https://www.sietefoods.com,Miguel Garza,Co-Founder & CEO,,https://www.linkedin.com/in/miguelgarza,,,,,,,,,,Sí,2,2026-09-28,Por validar,,,Brillante la evolución y crecimiento que han tenido al reimaginar la comida tradicional mexicana con ingredientes limpios en el retail masivo.,
1,B · CORAZÓN,Café Bustelo,Capa 1,RAÍZ LATINA HECHA EN USA,Capa 1,,Contacto encontrado · falta verificar,Brand Access 15K / Experience 30K,1.500 - 3.000,,Raíz cubana · Miami / Ohio,https://www.cafbustelo.com,Eduardo S. Merino,Senior Brand Manager,,https://www.linkedin.com/in/eduardomerino,,,,,,,,,,Sí,2,2026-09-28,Contactado (Toque 2),2026-09-29,2026-10-05,Me pareció fantástica la innovación al llevar el icónico espresso latino al formato iced coffee en anaqueles refrigerados.,
1,B · CORAZÓN,Café Pilón,Capa 1,RAÍZ LATINA HECHA EN USA,Capa 1,,Contacto encontrado · falta verificar,Brand Access 15K / Experience 30K,1.500 - 3.000,,"Raíz cubana · Miami, FL",https://www.cafpiln.com,Danielle Smucker,Brand Director Latin Coffees,,https://www.linkedin.com/in/daniellesmucker,,,,,,,,,,Sí,2,2026-09-28,Por validar,,,Café Pilón sigue siendo el aroma inseparable de las mañanas y los negocios familiares en todo el sur de la Florida.,
1,B · CORAZÓN,Café La Llave (F. Gaviña & Sons),Capa 1,RAÍZ LATINA HECHA EN USA,Capa 1,,Contacto encontrado · falta verificar,Brand Access 15K / Experience 30K,1.500 - 3.000,,"Raíz cubana · Los Angeles, CA",https://www.caflallave.com,Leonor Gaviña-Valls,VP of Marketing,,https://www.linkedin.com/in/leonorgavinavalls,,,,,,,,,,Sí,2,2026-09-28,Por validar,,,Un verdadero ejemplo de perseverancia familiar cómo la familia Gaviña levantó un imperio de café espresso de primera calidad en California.,
1,B · CORAZÓN,Presidente Supermarkets,Capa 1,RAÍZ LATINA HECHA EN USA,Capa 1,,Contacto encontrado · falta verificar,Brand Access 15K / Experience 30K,1.500 - 3.000,,"Raíz cubana · Miami, FL",https://www.presidentesupermarkets.com,Omar Rodríguez,President & CEO,,https://www.linkedin.com/in/omarrodriguez,,,,,,,,,,Sí,2,2026-09-28,Por validar,,,"Felicidades por su continua expansión abriendo nuevas tiendas en los condados de Miami-Dade, Broward y Palm Beach.",
1,B · CORAZÓN,Navarro Discount Pharmacy (CVS),Capa 1,RAÍZ LATINA HECHA EN USA,Capa 1,,Contacto encontrado · falta verificar,Brand Access 15K / Experience 30K,1.500 - 3.000,,"Raíz cubana · Miami, FL",https://www.navarrodiscountpharmacy.com,Cristina Lopez,VP Hispanic Retail Operations,,https://www.linkedin.com/in/cristinalopez,,,,,,,,,,Sí,2,2026-09-28,Por validar,,,Navarro sigue siendo el modelo insuperable de servicio comunitario y farmacia hispana personalizada en el sur de Florida.,
1,B · CORAZÓN,Cardenas Markets,Capa 1,RAÍZ LATINA HECHA EN USA,Capa 1,,Contacto encontrado · falta verificar,Brand Access 15K / Experience 30K,1.500 - 3.000,,"Raíz mexicana · Ontario, CA",https://www.cardenasmarkets.com,Doug Sanders,Chief Executive Officer,,https://www.linkedin.com/in/dougsanders,,,,,,,,,,Sí,2,2026-09-28,Por validar,,,"Sigo con gran interés el fortalecimiento y sinergias en la red de tiendas en California, Nevada y Arizona como pilar de la comunidad.",
1,B · CORAZÓN,Viamericas,Capa 1,RAÍZ LATINA HECHA EN USA,Capa 1,,Contacto encontrado · falta verificar,Brand Access 15K / Experience 30K,1.500 - 3.000,,Enfocada al hispano · Bethesda / Miami,https://www.viamericas.com,Joseph Argilagos,Executive Chairman & Co-Founder,,https://www.linkedin.com/in/josephargilagos,,,,,,,,,,Sí,2,2026-09-28,Por validar,,,Excelente trabajo expandiendo la inclusión financiera y facilitando el envío seguro de dinero de nuestros trabajadores a toda América Latina.,
1,B · CORAZÓN,Entravision Communications,Capa 1,RAÍZ LATINA HECHA EN USA,Capa 1,,Contacto encontrado · falta verificar,Brand Access 15K / Experience 30K,1.500 - 3.000,,Medio hispano · Santa Monica / Miami,https://www.entravisioncommunications.com,Michael Christenson,Chief Executive Officer,,https://www.linkedin.com/in/michaelchristenson,,,,,,,,,,Sí,2,2026-09-28,Por validar,,,"Reconozco su liderazgo conectando marcas globales con audiencias hispanas locales a través de radio, televisión y soluciones digitales.",
1,B · CORAZÓN,Leon Medical Centers,Capa 1,RAÍZ LATINA HECHA EN USA,Capa 1,,Contacto encontrado · falta verificar,Brand Access 15K / Experience 30K,1.500 - 3.000,,"Raíz cubana · Miami, FL",https://www.leonmedicalcenters.com,Benjamín León Jr.,Chairman & Founder,,https://www.linkedin.com/in/benjaminjr,,,,,,,,,,Sí,2,2026-09-28,Por validar,,,El estándar de atención humanizada de Leon Medical Centers es el referente absoluto de dignidad en la salud de nuestra comunidad en Miami.,
1,B · CORAZÓN,Sanitas Medical Center,Capa 1,RAÍZ LATINA HECHA EN USA,Capa 1,,Contacto encontrado · falta verificar,Brand Access 15K / Experience 30K,1.500 - 3.000,,Enfocada al hispano · Doral / Miami,https://www.sanitasmedicalcenter.com,Juan Camilo Cruz,Chief Marketing & Communications Officer,,https://www.linkedin.com/in/juancruz,,,,,,,,,,Sí,2,2026-09-28,Por validar,,,Felicidades por su alianza estratégica con Florida Blue y la continua apertura de centros de salud bilingües integrales.,
1,B · CORAZÓN,Codina Partners,Capa 1,RAÍZ LATINA HECHA EN USA,Capa 1,,Contacto encontrado · falta verificar,Brand Access 15K / Experience 30K,1.500 - 3.000,,"Raíz cubana · Coral Gables, FL",https://www.codinapartners.com,Ana-Marie Codina Barlick,Chief Executive Officer,,https://www.linkedin.com/in/anamariebarlick,,,,,,,,,,Sí,2,2026-09-28,Por validar,,,Downtown Doral es el testimonio viviente de cómo la visión urbanística de excelencia puede transformar completamente una comunidad.,
1,B · CORAZÓN,Terra Group,Capa 1,RAÍZ LATINA HECHA EN USA,Capa 1,,Contacto encontrado · falta verificar,Brand Access 15K / Experience 30K,1.500 - 3.000,,"Raíz hispana · Coconut Grove, FL",https://www.terragroup.com,David Martin,Chief Executive Officer,,https://www.linkedin.com/in/davidmartin,,,,,,,,,,Sí,2,2026-09-28,Por validar,,,Admiro el enfoque de sustentabilidad y resiliencia urbana que Terra imprime en cada desarrollo icónico en el sur de Florida.,
1,B · CORAZÓN,Nopalera,Capa 1,RAÍZ LATINA HECHA EN USA,Capa 1,,Contacto encontrado · falta verificar,Brand Access 15K / Experience 30K,1.500 - 3.000,,Raíz mexicana · New York / San Diego,https://www.nopalera.com,Sandra Velasquez,Founder & CEO,,https://www.linkedin.com/in/sandravelasquez,,,,,,,,,,Sí,2,2026-09-28,Por validar,,,Sigo con gran admiración la presencia de Nopalera en Nordstrom y Target dignificando la riqueza botánica mexicana.,
1,B · CORAZÓN,Reina Rebelde,Capa 1,RAÍZ LATINA HECHA EN USA,Capa 1,,Contacto encontrado · falta verificar,Brand Access 15K / Experience 30K,1.500 - 3.000,,"Raíz mexicana · Dallas, TX",https://www.reinarebelde.com,Regina Merson,Founder & CEO,,https://www.linkedin.com/in/reginamerson,,,,,,,,,,Sí,2,2026-09-28,Por validar,,,Reina Rebelde empodera con orgullo la dualidad y la fuerza cultural innegable de la mujer latina en Estados Unidos.,
1,B · CORAZÓN,Hija de tu Madre,Capa 1,RAÍZ LATINA HECHA EN USA,Capa 1,,Contacto encontrado · falta verificar,Brand Access 15K / Experience 30K,1.500 - 3.000,,"Raíz mexicana · Los Angeles, CA",https://www.hijadetumadre.com,Patty Delgado,Founder & CEO,,https://www.linkedin.com/in/pattydelgado,,,,,,,,,,Sí,2,2026-09-28,Por validar,,,Brillante cómo han convertido el orgullo de la identidad hispana en un movimiento de moda y pertenencia para la nueva generación.,
1,B · CORAZÓN,Comun,Capa 1,RAÍZ LATINA HECHA EN USA,Capa 1,,Contacto encontrado · falta verificar,Brand Access 15K / Experience 30K,1.500 - 3.000,,Raíz latina · New York / Miami,https://www.comun.com,Andrés Vásquez,Co-Founder & CEO,,https://www.linkedin.com/in/andresvasquez,,,,,,,,,,Sí,2,2026-09-28,Por validar,,,Felicidades por su ronda de inversión para brindar servicios financieros bancarios modernos y en español a los inmigrantes latinos en USA.,
1,B · CORAZÓN,Conchita Foods,Capa 1,RAÍZ LATINA HECHA EN USA,Capa 1,,Contacto encontrado · falta verificar,Brand Access 15K / Experience 30K,1.500 - 3.000,,"Raíz cubana · Miami, FL",https://www.conchitafoods.com,Armando Sacasas,President & CEO,,https://www.linkedin.com/in/armandosacasas,,,,,,,,,,Sí,2,2026-09-28,Por validar,,,Conchita Foods representa casi un siglo de tradición y arraigo culinario en la despensa de las familias hispanas del sur de la Florida.,
1,B · CORAZÓN,El Sembrador,Capa 1,RAÍZ LATINA HECHA EN USA,Capa 1,,Contacto encontrado · falta verificar,Brand Access 15K / Experience 30K,1.500 - 3.000,,"Raíz cubana · Miami, FL",https://www.elsembrador.com,Frankie E. Echevarria,President & CEO,,https://www.linkedin.com/in/frankieechevarria,,,,,,,,,,Sí,2,2026-09-28,Por validar,,,El Sembrador mantiene viva la nostalgia culinaria entregando los sabores más frescos del campo y del trópico a los hogares hispanos.,
1,B · CORAZÓN,Mi Rancho,Capa 1,RAÍZ LATINA HECHA EN USA,Capa 1,,Contacto encontrado · falta verificar,Brand Access 15K / Experience 30K,1.500 - 3.000,,"Raíz mexicana · San Leandro, CA",https://www.mirancho.com,Manuel Berber,President & CEO,,https://www.linkedin.com/in/manuelberber,,,,,,,,,,Sí,2,2026-09-28,Por validar,,,Pioneros en liderar la categoría de tortillas artesanales y orgánicas sin sacrificar la autenticidad del nixtamal tradicional.,
1,B · CORAZÓN,Juanita's Foods,Capa 1,RAÍZ LATINA HECHA EN USA,Capa 1,,Contacto encontrado · falta verificar,Brand Access 15K / Experience 30K,1.500 - 3.000,,"Raíz mexicana · Wilmington, CA",https://www.juanitasfoods.com,Ruben De La Peña,Chief Executive Officer,,https://www.linkedin.com/in/rubenpena,,,,,,,,,,Sí,2,2026-09-28,Por validar,,,Juanita's es la marca que llevó el pozole y el menudo de domingo al corazón del retail estadounidense con sabor auténtico y familiar.,
1,B · CORAZÓN,Bravo Supermarkets (Krasdale),Capa 1,RAÍZ LATINA HECHA EN USA,Capa 1,,Contacto encontrado · falta verificar,Brand Access 15K / Experience 30K,1.500 - 3.000,,Raíz hispana · Florida / New York,https://www.bravosupermarkets.com,Dennis Wallin,EVP New Business,,https://www.linkedin.com/in/denniswallin,,,,,,,,,,Sí,2,2026-09-28,Por validar,,,Felicidades por su sólida expansión en Florida Central y del Sur ofreciendo el surtido hispano más completo y fresco del mercado.,
1,B · CORAZÓN,Gala Foods Supermarkets,Capa 1,RAÍZ LATINA HECHA EN USA,Capa 1,,Contacto encontrado · falta verificar,Brand Access 15K / Experience 30K,1.500 - 3.000,,"Raíz hispana · Brentwood, NY",https://www.galafoodssupermarkets.com,Jenny Peña,CEO Aurora Grocery Group,,https://www.linkedin.com/in/jennypena,,,,,,,,,,Sí,2,2026-09-28,Por validar,,,"Gala Foods es el epicentro gastronómico y cultural que atiende a la comunidad hispana en Nueva York, Nueva Jersey y Connecticut.",
1,B · CORAZÓN,Supermercados Teloloapan,Capa 1,RAÍZ LATINA HECHA EN USA,Capa 1,,Contacto encontrado · falta verificar,Brand Access 15K / Experience 30K,1.500 - 3.000,,"Raíz mexicana · Houston, TX",https://www.supermercadosteloloapan.com,Inocente Román,President & Founder,,https://www.linkedin.com/in/inocenteroman,,,,,,,,,,Sí,2,2026-09-28,Por validar,,,Teloloapan Meat Market representa el verdadero sabor y el servicio personalizado de barrio mexicano con más de 20 sucursales en Texas.,
1,B · CORAZÓN,Tony's Fresh Market,Capa 1,RAÍZ LATINA HECHA EN USA,Capa 1,,Contacto encontrado · falta verificar,Brand Access 15K / Experience 30K,1.500 - 3.000,,"Enfocada al hispano · Chicago, IL",https://www.tonysfreshmarket.com,Frank Ingraffia,CEO Tony's Fresh Market,,https://www.linkedin.com/in/frankingraffia,,,,,,,,,,Sí,2,2026-09-28,Por validar,,,Tony's sigue consolidando su posición como el supermercado independiente de mayor variedad internacional y productos hispanos en Illinois.,
1,B · CORAZÓN,Cawy Bottling Co. (Materva & Jupiña),Capa 1,RAÍZ LATINA HECHA EN USA,Capa 1,,Contacto encontrado · falta verificar,Brand Access 15K / Experience 30K,1.500 - 3.000,,"Raíz cubana · Miami, FL",https://www.cawybottlingco.com,Alberto Blanco,President & General Manager,,https://www.linkedin.com/in/albertoblanco,,,,,,,,,,Sí,2,2026-09-28,Por validar,,,Materva y Jupiña son íconos del patrimonio cultural cubanoamericano que han refrescado a generaciones en Miami desde 1964.,
1,B · CORAZÓN,Ironbeer (Sunshine Bottling),Capa 1,RAÍZ LATINA HECHA EN USA,Capa 1,,Contacto encontrado · falta verificar,Brand Access 15K / Experience 30K,1.500 - 3.000,,"Raíz cubana · Miami, FL",https://www.ironbeer.com,Camila Valencia,Director of Global Marketing,,https://www.linkedin.com/in/camilavalencia,,,,,,,,,,Sí,2,2026-09-28,Por validar,,,"Ironbeer, 'el sabor nacional', sigue siendo un tesoro inconfundible de nostalgia y tradición en cada rincón del sur de Florida.",
1,B · CORAZÓN,La Carreta Restaurant (Valls Group),Capa 1,RAÍZ LATINA HECHA EN USA,Capa 1,,Contacto encontrado · falta verificar,Brand Access 15K / Experience 30K,1.500 - 3.000,,"Raíz cubana · Miami, FL",https://www.lacarretarestaurant.com,Daniela Castro,Founder & CEO,,https://www.linkedin.com/in/danielacastro,,,,,,,,,,Sí,2,2026-09-28,Por validar,,,La Carreta sigue siendo la extensión de la cocina de la abuela y el punto de encuentro diario con el auténtico café cubano en Miami.,
1,B · CORAZÓN,King Taco,Capa 1,RAÍZ LATINA HECHA EN USA,Capa 1,,Contacto encontrado · falta verificar,Brand Access 15K / Experience 30K,1.500 - 3.000,,"Raíz mexicana · Los Angeles, CA",https://www.kingtaco.com,Raul Martinez Jr.,President & CEO,,https://www.linkedin.com/in/rauljr,,,,,,,,,,Sí,2,2026-09-28,Por validar,,,Pioneros en inventar el food truck moderno y construir una red legendaria de restaurantes que alimentan a Los Ángeles día y noche.,
1,B · CORAZÓN,Sigma Alimentos (Bar-S Foods / Fud),Capa 2,CONEXIÓN MÉXICO · COLOMBIA · LATAM,Capa 2,,Contacto encontrado · falta verificar,Experience 30K / VIP Lounge 20K,2.000 - 3.000,,"México · Phoenix, AZ",https://www.sigmaalimentos.com,Warren Panico,President & CEO Bar-S Foods,,https://www.linkedin.com/in/warrenpanico,,,,,,,,,,Sí,2,2026-09-28,Por validar,,,FUD y Bar-S han demostrado cómo entender al consumidor multicultural para liderar en embutidos y quesos en el retail norteamericano.,
1,B · CORAZÓN,La Costeña (Vilore Foods),Capa 2,CONEXIÓN MÉXICO · COLOMBIA · LATAM,Capa 2,,Contacto encontrado · falta verificar,Experience 30K / VIP Lounge 20K,2.000 - 3.000,,"México · Laredo / San Antonio, TX",https://www.lacostea.com,Rafael Celorio,Director General,,https://www.linkedin.com/in/rafaelcelorio,,,,,,,,,,Sí,2,2026-09-28,Por validar,,,La Costeña sigue siendo el sabor y la nostalgia de casa para millones de familias que exigen la auténtica cocina mexicana en Estados Unidos.,
1,B · CORAZÓN,Grupo Herdez (MegaMex Foods),Capa 2,CONEXIÓN MÉXICO · COLOMBIA · LATAM,Capa 2,,Contacto encontrado · falta verificar,Experience 30K / VIP Lounge 20K,2.000 - 3.000,,"México · Orange, CA",https://www.grupoherdez.com,Ryan Michaelis,President & CEO MegaMex Foods,,https://www.linkedin.com/in/ryanmichaelis,,,,,,,,,,Sí,2,2026-09-28,Por validar,,,"El éxito de MegaMex llevando marcas legendarias como Herdez, Wholly Guacamole y Doña María al retail masivo es un referente de negocio.",
1,B · CORAZÓN,Tajín USA,Capa 2,CONEXIÓN MÉXICO · COLOMBIA · LATAM,Capa 2,,Contacto encontrado · falta verificar,Experience 30K / VIP Lounge 20K,2.000 - 3.000,,"México · Houston, TX",https://www.tajnusa.com,Javier Leyva,Director Tajín USA,,https://www.linkedin.com/in/javierleyva,,,,,,,,,,Sí,2,2026-09-28,Por validar,,,"Es extraordinario cómo Tajín ha cruzado fronteras culturales para convertirse en un fenómeno masivo en frutas, snacks y bebidas en USA.",
1,B · CORAZÓN,Salsa Valentina (Salsa Tamazula),Capa 2,CONEXIÓN MÉXICO · COLOMBIA · LATAM,Capa 2,,Contacto encontrado · falta verificar,Experience 30K / VIP Lounge 20K,2.000 - 3.000,,"México · Guadalajara / Laredo, TX",https://www.salsavalentina.com,Manuel Maciel Mendez,Director General,,https://www.linkedin.com/in/manuelmendez,,,,,,,,,,Sí,2,2026-09-28,Por validar,,,La salsa picante por excelencia que no puede faltar en ningún hogar ni negocio mexicano en cualquier rincón de Estados Unidos.,
1,B · CORAZÓN,El Yucateco,Capa 2,CONEXIÓN MÉXICO · COLOMBIA · LATAM,Capa 2,,Contacto encontrado · falta verificar,Experience 30K / VIP Lounge 20K,2.000 - 3.000,,"México · Kenedy, TX",https://www.elyucateco.com,Patrick Calvillo,Director of Sales & Marketing,,https://www.linkedin.com/in/patrickcalvillo,,,,,,,,,,Sí,2,2026-09-28,Por validar,,,Admiro el culto y la lealtad que El Yucateco ha construido entre los verdaderos amantes del habanero y la cocina auténtica.,
1,B · CORAZÓN,Jarritos (Novamex),Capa 2,CONEXIÓN MÉXICO · COLOMBIA · LATAM,Capa 2,,Contacto encontrado · falta verificar,Experience 30K / VIP Lounge 20K,2.000 - 3.000,,"México · El Paso, TX",https://www.jarritos.com,Eric Delamare,Director of Marketing Novamex,,https://www.linkedin.com/in/ericdelamare,,,,,,,,,,Sí,2,2026-09-28,Por validar,,,Brillante estrategia de Jarritos en colaboraciones globales de moda y calzado posicionando los sabores mexicanos en la cultura pop.,
1,B · CORAZÓN,Grupo Vidanta,Capa 2,CONEXIÓN MÉXICO · COLOMBIA · LATAM,Capa 2,,Contacto encontrado · falta verificar,Experience 30K / VIP Lounge 20K,2.000 - 3.000,,México · Guadalajara / Miami Office,https://www.grupovidanta.com,Iván Chávez,Executive Vice President,,https://www.linkedin.com/in/ivanchavez,,,,,,,,,,Sí,2,2026-09-28,Por validar,,,Impresionantes los proyectos como Vidanta World y la alianza con Cirque du Soleil elevando el entretenimiento y hospitalidad en México.,
1,B · CORAZÓN,Volaris,Capa 2,CONEXIÓN MÉXICO · COLOMBIA · LATAM,Capa 2,,Contacto encontrado · falta verificar,Experience 30K / VIP Lounge 20K,2.000 - 3.000,,"México · Irving, TX / Miami",https://www.volaris.com,Holger Blankenstein,Executive Vice President,,https://www.linkedin.com/in/holgerblankenstein,,,,,,,,,,Sí,2,2026-09-28,Por validar,,,Volaris ha democratizado el transporte aéreo permitiendo que millones de familias mexicanas se mantengan unidas a ambos lados de la frontera.,
1,B · CORAZÓN,Softtek,Capa 2,CONEXIÓN MÉXICO · COLOMBIA · LATAM,Capa 2,,Contacto encontrado · falta verificar,Experience 30K / VIP Lounge 20K,2.000 - 3.000,,"México · Dallas, TX / Miami",https://www.softtek.com,Blanca Treviño,President & CEO,,https://www.linkedin.com/in/blancatrevino,,,,,,,,,,Sí,2,2026-09-28,Por validar,,,Blanca Treviño y Softtek fueron los visionarios que acuñaron el Nearshoring demostrando la potencia del talento tecnológico latino en USA.,
1,B · CORAZÓN,Grupo Nutresa,Capa 2,CONEXIÓN MÉXICO · COLOMBIA · LATAM,Capa 2,,Contacto encontrado · falta verificar,Experience 30K / VIP Lounge 20K,2.000 - 3.000,,Colombia · Medellín / Miami,https://www.gruponutresa.com,Carlos Ignacio Gallego,Presidente Grupo Nutresa,,https://www.linkedin.com/in/carlosgallego,,,,,,,,,,Sí,2,2026-09-28,Por validar,,,"Admiro la expansión de marcas queridas como Noel, Chocolates Jet, Colcafé y Doria conquistando los mercados nostálgicos e internacionales.",
1,B · CORAZÓN,Alpina (Alpina Foods USA),Capa 2,CONEXIÓN MÉXICO · COLOMBIA · LATAM,Capa 2,,Contacto encontrado · falta verificar,Experience 30K / VIP Lounge 20K,2.000 - 3.000,,"Colombia · Miami, FL",https://www.alpina.com,Ernesto Fajardo,Presidente Alpina Corporativo,,https://www.linkedin.com/in/ernestofajardo,,,,,,,,,,Sí,2,2026-09-28,Por validar,,,Arequipe Alpina y Bon Yurt son marcas que despiertan el orgullo y la memoria emocional de cada colombiano en la Florida.,
1,B · CORAZÓN,Colombina USA,Capa 2,CONEXIÓN MÉXICO · COLOMBIA · LATAM,Capa 2,,Contacto encontrado · falta verificar,Experience 30K / VIP Lounge 20K,2.000 - 3.000,,"Colombia · Coral Gables, FL",https://www.colombinausa.com,César Caicedo,Presidente Ejecutivo,,https://www.linkedin.com/in/cesarcaicedo,,,,,,,,,,Sí,2,2026-09-28,Por validar,,,Bon Bon Bum y La Constancia son embajadores indiscutibles del sabor colombiano presentes en tiendas y supermercados en todo USA.,
1,B · CORAZÓN,Juan Valdez Café (Procafecol),Capa 2,CONEXIÓN MÉXICO · COLOMBIA · LATAM,Capa 2,,Contacto encontrado · falta verificar,Experience 30K / VIP Lounge 20K,2.000 - 3.000,,"Colombia · Bogotá / Miami, FL",https://www.juanvaldezcaf.com,Camila Escobar,Presidente Procafecol (Juan Valdez),,https://www.linkedin.com/in/camilaescobar,,,,,,,,,,Sí,2,2026-09-28,Por validar,,,Sigo con entusiasmo el plan de expansión de tiendas y distribución retail en la Florida llevando el café de origen colombiano a la cima.,
1,B · CORAZÓN,Davivienda (Miami International Agency),Capa 2,CONEXIÓN MÉXICO · COLOMBIA · LATAM,Capa 2,,Contacto encontrado · falta verificar,Experience 30K / VIP Lounge 20K,2.000 - 3.000,,"Colombia · Brickell, Miami, FL",https://www.davivienda.com,Pedro Uribe,Managing Director Davivienda Miami,,https://www.linkedin.com/in/pedrouribe,,,,,,,,,,Sí,2,2026-09-28,Por validar,,,Felicidades por su sólida presencia en Brickell brindando asesoría de banca internacional a familias y empresas multilatinas.,
1,B · CORAZÓN,Banco de Bogotá (Miami International Agency),Capa 2,CONEXIÓN MÉXICO · COLOMBIA · LATAM,Capa 2,,Contacto encontrado · falta verificar,Experience 30K / VIP Lounge 20K,2.000 - 3.000,,"Colombia · Brickell, Miami, FL",https://www.bancodebogot.com,Enrique Gómez,General Manager Miami Agency,,https://www.linkedin.com/in/enriquegomez,,,,,,,,,,Sí,2,2026-09-28,Por validar,,,Banco de Bogotá continúa siendo un pilar clave en el financiamiento corporativo e intercambio comercial entre Colombia y la Florida.,
1,B · CORAZÓN,Leonisa USA,Capa 2,CONEXIÓN MÉXICO · COLOMBIA · LATAM,Capa 2,,Contacto encontrado · falta verificar,Experience 30K / VIP Lounge 20K,2.000 - 3.000,,"Colombia · Norcross, GA",https://www.leonisausa.com,Octavio Quintana,Presidente Leonisa Internacional,,https://www.linkedin.com/in/octavioquintana,,,,,,,,,,Sí,2,2026-09-28,Por validar,,,Leonisa es el referente mundial de fajas y lencería con tecnología colombiana de compresión y diseño que domina el mercado hispano en USA.,
1,B · CORAZÓN,Copa Airlines,Capa 2,CONEXIÓN MÉXICO · COLOMBIA · LATAM,Capa 2,,Contacto encontrado · falta verificar,Experience 30K / VIP Lounge 20K,2.000 - 3.000,,"Panamá · Miami, FL",https://www.copaairlines.com,Marco Ocando,Senior Director of Marketing & E-Commerce,,https://www.linkedin.com/in/marcoocando,,,,,,,,,,Sí,2,2026-09-28,Por validar,,,El Hub de las Américas en Panamá operado por Copa sigue siendo la conexión aérea más eficiente y puntual entre el norte y el sur del continente.,
1,B · CORAZÓN,LATAM Airlines Group,Capa 2,CONEXIÓN MÉXICO · COLOMBIA · LATAM,Capa 2,,Contacto encontrado · falta verificar,Experience 30K / VIP Lounge 20K,2.000 - 3.000,,"Chile · Miami, FL",https://www.latamairlinesgroup.com,Paola Peniche,VP North America & Commercial,,https://www.linkedin.com/in/paolapeniche,,,,,,,,,,Sí,2,2026-09-28,Por validar,,,Gran despliegue del Joint Venture con Delta conectando Norteamérica y Sudamérica con los más altos estándares de servicio.,
1,B · CORAZÓN,City National Bank of Florida (Bci),Capa 2,CONEXIÓN MÉXICO · COLOMBIA · LATAM,Capa 2,,Contacto encontrado · falta verificar,Experience 30K / VIP Lounge 20K,2.000 - 3.000,,"Chile · Miami, FL",https://www.citynationalbankofflorida.com,Jorge González,Chief Executive Officer & Vice Chairman,,https://www.linkedin.com/in/jorgegonzalez,,,,,,,,,,Sí,2,2026-09-28,Por validar,,,"City National Bank of Florida, respaldado por Bci Chile, representa la consolidación bancaria más respetada y sólida del estado de Florida.",
1,B · CORAZÓN,BAC Florida Bank (Bradesco BAC),Capa 2,CONEXIÓN MÉXICO · COLOMBIA · LATAM,Capa 2,,Contacto encontrado · falta verificar,Experience 30K / VIP Lounge 20K,2.000 - 3.000,,Centroamérica / Brasil · Coral Gables,https://www.bacfloridabank.com,Henrique Lima,Chief Executive Officer,,https://www.linkedin.com/in/henriquelima,,,,,,,,,,Sí,2,2026-09-28,Por validar,,,Excelente sinergia integrando la solidez de Bradesco para atender la banca patrimonial e inmobiliaria latinoamericana desde Coral Gables.,
1,B · CORAZÓN,Itaú Private Bank,Capa 2,CONEXIÓN MÉXICO · COLOMBIA · LATAM,Capa 2,,Contacto encontrado · falta verificar,Experience 30K / VIP Lounge 20K,2.000 - 3.000,,"Brasil · Brickell, Miami, FL",https://www.itaprivatebank.com,Carlos Constantini,CEO Itaú USA & Head of Wealth Management,,https://www.linkedin.com/in/carlosconstantini,,,,,,,,,,Sí,2,2026-09-28,Por validar,,,Itaú en Brickell es la referencia de confianza de las familias empresarias más destacadas de Brasil y el Cono Sur en Estados Unidos.,
1,B · CORAZÓN,Concha y Toro (Fetzer Vineyards / Bonterra),Capa 2,CONEXIÓN MÉXICO · COLOMBIA · LATAM,Capa 2,,Contacto encontrado · falta verificar,Experience 30K / VIP Lounge 20K,2.000 - 3.000,,"Chile · Hopland, CA",https://www.conchaytoro.com,Giancarlo Bianchetti,CEO Concha y Toro USA,,https://www.linkedin.com/in/giancarlobianchetti,,,,,,,,,,Sí,2,2026-09-28,Por validar,,,Admiro el liderazgo de Concha y Toro posicionando vinos chilenos icónicos como Casillero del Diablo y Don Melchor en el mercado estadounidense.,
1,B · CORAZÓN,Havaianas USA (Alpargatas),Capa 2,CONEXIÓN MÉXICO · COLOMBIA · LATAM,Capa 2,,Contacto encontrado · falta verificar,Experience 30K / VIP Lounge 20K,2.000 - 3.000,,"Brasil · Los Angeles, CA",https://www.havaianasusa.com,Marcos Braga,Country Manager North America,,https://www.linkedin.com/in/marcosbraga,,,,,,,,,,Sí,2,2026-09-28,Por validar,,,Havaianas personifica el estilo de vida veraniego y la alegría brasileña que encaja perfectamente con el espíritu vibrante de Miami.,
1,B · CORAZÓN,Globant,Capa 2,CONEXIÓN MÉXICO · COLOMBIA · LATAM,Capa 2,,Contacto encontrado · falta verificar,Experience 30K / VIP Lounge 20K,2.000 - 3.000,,"Argentina · New York / Miami, FL",https://www.globant.com,Martín Migoya,Chief Executive Officer & Co-Founder,,https://www.linkedin.com/in/martinmigoya,,,,,,,,,,Sí,2,2026-09-28,Por validar,,,Globant es la prueba viviente de cómo el ingenio tecnológico nacido en Latinoamérica puede liderar la transformación digital de los gigantes de Fortune 500.,
1,B · CORAZÓN,Grupo Jumex (Jumex Panamericana),Capa 2,CONEXIÓN MÉXICO · COLOMBIA · LATAM,Capa 2,,Contacto encontrado · falta verificar,Experience 30K / VIP Lounge 20K,2.000 - 3.000,,"México · Chino, CA",https://www.grupojumex.com,Salomón Sacal,Director Jumex USA,,https://www.linkedin.com/in/salomonsacal,,,,,,,,,,Sí,2,2026-09-28,Por validar,,,La lata azul de Jumex es un símbolo entrañable que puso los néctares de guayaba y mango mexicanos en cada rincón del retail estadounidense.,
1,B · CORAZÓN,Becle (Casa Cuervo / 1800 Tequila),Capa 2,CONEXIÓN MÉXICO · COLOMBIA · LATAM,Capa 2,,Contacto encontrado · falta verificar,Experience 30K / VIP Lounge 20K,2.000 - 3.000,,"México · Jersey City, NJ",https://www.becle.com,Luis Fernando Félix,Managing Director North America,,https://www.linkedin.com/in/luisfelix,,,,,,,,,,Sí,2,2026-09-28,Por validar,,,1800 Tequila y Gran Centenario son la máxima expresión del arte tequilero mexicano compitiendo y ganando en el segmento ultra-premium en USA.,
1,B · CORAZÓN,CMX Cinemas (Cinemex USA),Capa 2,CONEXIÓN MÉXICO · COLOMBIA · LATAM,Capa 2,,Contacto encontrado · falta verificar,Experience 30K / VIP Lounge 20K,2.000 - 3.000,,"México · Miami, FL (HQ USA)",https://www.cmxcinemas.com,Patrick Ryan,Chief Executive Officer CMX Cinemas,,https://www.linkedin.com/in/patrickryan,,,,,,,,,,Sí,2,2026-09-28,Por validar,,,Su complejo de cine y gastronomía en Brickell City Centre es el punto de referencia de entretenimiento de vanguardia en Miami.,
1,B · CORAZÓN,Posadas (Live Aqua / Grand Fiesta Americana),Capa 2,CONEXIÓN MÉXICO · COLOMBIA · LATAM,Capa 2,,Contacto encontrado · falta verificar,Experience 30K / VIP Lounge 20K,2.000 - 3.000,,México · Miami Sales Office,https://www.posadas.com,Enrique Calderón,VP Operación Hotelera Posadas,,https://www.linkedin.com/in/enriquecalderon,,,,,,,,,,Sí,2,2026-09-28,Por validar,,,Posadas es la mayor operadora hotelera mexicana y embajadora insuperable de la calidez y el servicio cinco estrellas hacia el viajero norteamericano.,
1,B · CORAZÓN,Oasis Hotels & Resorts,Capa 2,CONEXIÓN MÉXICO · COLOMBIA · LATAM,Capa 2,,Contacto encontrado · falta verificar,Experience 30K / VIP Lounge 20K,2.000 - 3.000,,México · Cancún / Miami Office,https://www.oasishotelsresorts.com,Jesús Almaguer,Managing Director Oasis USA,,https://www.linkedin.com/in/jesusalmaguer,,,,,,,,,,Sí,2,2026-09-28,Por validar,,,"Oasis ha sido pionero en crear entretenimiento temático y festivales de música en Cancún, conectando con millones de hispanos en EE. UU.",
1,A · ANCLA,McDonald's USA,Capa 3,MARCAS AMERICANAS CON BUDGET HISPANO,Capa 3,,Contacto encontrado · falta verificar,Title 100K / Presenting 60K,6.000 - 10.000,,"Chicago, IL",https://www.mcdonaldsusa.com,Elizabeth Campbell,VP Cultural Engagement & Field Marketing,,https://www.linkedin.com/in/elizabethcampbellmcd,,,,,,,,,,Sí,2,2026-09-28,Por validar,,,El programa 'HACER National Scholarships' y las colaboraciones culturales con artistas urbanos latinos mantienen a McDonald's como el punto de reunión de las familias hispanas.,
1,A · ANCLA,"PepsiCo, Inc.",Capa 3,MARCAS AMERICANAS CON BUDGET HISPANO,Capa 3,,Contacto encontrado · falta verificar,Title 100K / Presenting 60K,6.000 - 10.000,,"Purchase, NY / Plano, TX",https://www.pepsicoinc.com,Esperanza Teasdale,VP & GM Hispanic Business Unit,,https://www.linkedin.com/in/esperanzateasdale,,,,,,,,,,Sí,2,2026-09-28,Contactado (Toque 1),2026-10-01,2026-10-07,La plataforma 'Juntos Crecemos' con $50M destinados al crecimiento de restaurantes y bodegas latinas en USA es un referente de impacto económico comunitario.,
1,A · ANCLA,L'Oréal USA,Capa 3,MARCAS AMERICANAS CON BUDGET HISPANO,Capa 3,,Contacto encontrado · falta verificar,Title 100K / Presenting 60K,6.000 - 10.000,,"New York, NY",https://www.loralusa.com,Liliahn Majeed,"Chief Diversity, Equity & Inclusion Officer",,https://www.linkedin.com/in/liliahnmajeed,,,,,,,,,,Sí,2,2026-09-28,Por validar,,,Las iniciativas de belleza inclusiva y el apoyo a mujeres emprendedoras en el programa 'Women in Science' consolidan a L'Oréal como pionero en diversidad y cosmética latina.,
1,A · ANCLA,Toyota Motor North America,Capa 3,MARCAS AMERICANAS CON BUDGET HISPANO,Capa 3,,Contacto encontrado · falta verificar,Title 100K / Presenting 60K,6.000 - 10.000,,"Plano, TX",https://www.toyotamotornorthamerica.com,Mike Tripp,Group VP Marketing Toyota Division,,https://www.linkedin.com/in/miketripptoyota,,,,,,,,,,Sí,2,2026-09-28,Por validar,,,Toyota continúa siendo la marca de autos #1 entre los hispanos en USA por casi dos décadas gracias a su plataforma cultural 'Vayamos Juntos'.,
1,A · ANCLA,Chevrolet (General Motors),Capa 3,MARCAS AMERICANAS CON BUDGET HISPANO,Capa 3,,Contacto encontrado · falta verificar,Title 100K / Presenting 60K,6.000 - 10.000,,"Detroit, MI",https://www.chevrolet.com,Steven Majoros,Chief Marketing Officer Chevrolet,,https://www.linkedin.com/in/stevenmajoros,,,,,,,,,,Sí,2,2026-09-28,Por validar,,,La presencia de la Silverado en comunidades de constructores hispanos y el programa de becas 'Discover GM' consolidan su conexión con el progreso hispano.,
1,A · ANCLA,Allstate Insurance Company,Capa 3,MARCAS AMERICANAS CON BUDGET HISPANO,Capa 3,,Contacto encontrado · falta verificar,Title 100K / Presenting 60K,6.000 - 10.000,,"Northbrook, IL",https://www.allstateinsurancecompany.com,Elizabeth Brady,"EVP & Chief Marketing, Customer & Communications Officer",,https://www.linkedin.com/in/elizabethbradyallstate,,,,,,,,,,Sí,2,2026-09-28,Por validar,,,El personaje 'Mala Suerte' interpretado por actores latinos en su campaña en español demostró cómo conectar con humor e inteligencia cultural en seguros.,
1,A · ANCLA,Humana Inc.,Capa 3,MARCAS AMERICANAS CON BUDGET HISPANO,Capa 3,,Contacto encontrado · falta verificar,Title 100K / Presenting 60K,6.000 - 10.000,,"Louisville, KY / Miami Hub",https://www.humanainc.com,George Renaudin,President Medicare & Multicultural Markets,,https://www.linkedin.com/in/georgerenaudin,,,,,,,,,,Sí,2,2026-09-28,Por validar,,,"Su red de clínicas Conviva Care Centers en el sur de Florida atiende a más de 100,000 adultos mayores hispanos con un modelo de cercanía cultural inigualable.",
1,A · ANCLA,Bank of America,Capa 3,MARCAS AMERICANAS CON BUDGET HISPANO,Capa 3,,Contacto encontrado · falta verificar,Title 100K / Presenting 60K,6.000 - 10.000,,"Charlotte, NC / Miami Office",https://www.bankofamerica.com,Alberto Garofalo,Head of Small Business & Hispanic Segment,,https://www.linkedin.com/in/albertogarofalo,,,,,,,,,,Sí,2,2026-09-28,Por validar,,,El reporte anual 'State of Hispanic Wealth' y la colocación de $2B en préstamos para PyMEs latinas consolidan su rol como motor financiero hispano.,
1,A · ANCLA,Amazon US,Capa 3,MARCAS AMERICANAS CON BUDGET HISPANO,Capa 3,,Contacto encontrado · falta verificar,Title 100K / Presenting 60K,6.000 - 10.000,,"Seattle, WA",https://www.amazonus.com,Claudine Cheever,VP Global Brand & Hispanic Consumer Marketing,,https://www.linkedin.com/in/claudinecheever,,,,,,,,,,Sí,2,2026-09-28,Por validar,,,La tienda digital 'Amazon Celebrando a la Comunidad Hispana' y el apoyo a autores y vendedores latinos en Prime Video y Marketplace generan un ecosistema comercial gigante.,
1,A · ANCLA,Costco Wholesale Corporation,Capa 3,MARCAS AMERICANAS CON BUDGET HISPANO,Capa 3,,Contacto encontrado · falta verificar,Title 100K / Presenting 60K,6.000 - 10.000,,"Issaquah, WA",https://www.costcowholesalecorporation.com,Ron Vachris,President & Chief Executive Officer,,https://www.linkedin.com/in/ronvachris,,,,,,,,,,Sí,2,2026-09-28,Por validar,,,"La integración estratégica de panadería tradicional hispana, tequilas premium y productos de importación directa satisface la demanda de familias hispanas de alto poder adquisitivo.",
1,A · ANCLA,"Macy's, Inc.",Capa 3,MARCAS AMERICANAS CON BUDGET HISPANO,Capa 3,,Contacto encontrado · falta verificar,Title 100K / Presenting 60K,6.000 - 10.000,,"New York, NY",https://www.macysinc.com,Shawn Outler,"Chief Diversity, Equity & Inclusion Officer",,https://www.linkedin.com/in/shawnoutler,,,,,,,,,,Sí,2,2026-09-28,Por validar,,,"El programa 'The Workshop at Macy's' impulsando a diseñadores y emprendedores de moda latinos en tiendas icónicas de Miami, Texas y California.",
1,A · ANCLA,CVS Health,Capa 3,MARCAS AMERICANAS CON BUDGET HISPANO,Capa 3,,Contacto encontrado · falta verificar,Title 100K / Presenting 60K,6.000 - 10.000,,"Woonsocket, RI",https://www.cvshealth.com,Michelle Peluso,EVP & Chief Customer Officer,,https://www.linkedin.com/in/michellepeluso,,,,,,,,,,Sí,2,2026-09-28,Contactado (Toque 2),2026-10-01,2026-10-07,El formato 'CVS Pharmacy y más' con personal 100% bilingüe y productos especializados en el sur de Florida y Texas transformó la experiencia de farmacia comunitaria.,
1,A · ANCLA,Walgreens Boots Alliance,Capa 3,MARCAS AMERICANAS CON BUDGET HISPANO,Capa 3,,Contacto encontrado · falta verificar,Title 100K / Presenting 60K,6.000 - 10.000,,"Deerfield, IL",https://www.walgreensbootsalliance.com,Linh Peters,Chief Marketing Officer,,https://www.linkedin.com/in/linhpeters,,,,,,,,,,Sí,2,2026-09-28,Por validar,,,Las iniciativas de vacunación y programas preventivos bilingües en colaboración con organizaciones hispanas salvan vidas y construyen lealtad generacional.,
1,A · ANCLA,The Kroger Co.,Capa 3,MARCAS AMERICANAS CON BUDGET HISPANO,Capa 3,,Contacto encontrado · falta verificar,Title 100K / Presenting 60K,6.000 - 10.000,,"Cincinnati, OH",https://www.thekrogerco.com,Tom Duncan,VP Marketing & Multicultural Merchandising,,https://www.linkedin.com/in/tomduncankroger,,,,,,,,,,Sí,2,2026-09-28,Por validar,,,El crecimiento de su línea privada 'Mercado' y la entrega a domicilio en Florida mediante centros automatizados amplían su alcance en el mercado latino.,
1,A · ANCLA,Publix Super Markets,Capa 3,MARCAS AMERICANAS CON BUDGET HISPANO,Capa 3,,Contacto encontrado · falta verificar,Title 100K / Presenting 60K,6.000 - 10.000,,"Lakeland, FL / Miami Division",https://www.publixsupermarkets.com,Maria Brous,Director of Communications & Community Relations,,https://www.linkedin.com/in/mariabrous,,,,,,,,,,Sí,2,2026-09-28,Por validar,,,El concepto 'Publix Sabor' y sus panaderías y carnicerías adaptadas a cada comunidad en Florida demuestran que donde comprar es un verdadero placer para la familia hispana.,
1,A · ANCLA,"American Honda Motor Co., Inc.",Capa 3,MARCAS AMERICANAS CON BUDGET HISPANO,Capa 3,,Contacto encontrado · falta verificar,Title 100K / Presenting 60K,6.000 - 10.000,,"Torrance, CA",https://www.americanhondamotorcoinc.com,Jessika Laudermilk,Assistant VP Marketing American Honda,,https://www.linkedin.com/in/jessikalaudermilk,,,,,,,,,,Sí,2,2026-09-28,Por validar,,,El Civic y el CR-V se mantienen entre los modelos favoritos de las familias biculturales por su durabilidad comprobada y su campaña 'Sigue Tus Sueños'.,
1,A · ANCLA,Hyundai Motor America,Capa 3,MARCAS AMERICANAS CON BUDGET HISPANO,Capa 3,,Contacto encontrado · falta verificar,Title 100K / Presenting 60K,6.000 - 10.000,,"Fountain Valley, CA",https://www.hyundaimotoramerica.com,Angela Zepeda,Chief Creative & Marketing Officer,,https://www.linkedin.com/in/angelazepeda,,,,,,,,,,Sí,2,2026-09-28,Por validar,,,La campaña 'El Amor a Primera Vista' para la Santa Fe y su garantía de 10 años atraen con fuerza al comprador hispano que busca seguridad patrimonial.,
1,A · ANCLA,"Kia America, Inc.",Capa 3,MARCAS AMERICANAS CON BUDGET HISPANO,Capa 3,,Contacto encontrado · falta verificar,Title 100K / Presenting 60K,6.000 - 10.000,,"Irvine, CA",https://www.kiaamericainc.com,Russell Wager,VP Marketing Kia America,,https://www.linkedin.com/in/russellwager,,,,,,,,,,Sí,2,2026-09-28,Por validar,,,El fenómeno de ventas de la Telluride y el EV9 con campañas dirigidas a familias hispanas modernas ha posicionado a Kia en el segmento aspiracional.,
1,A · ANCLA,Stellantis North America,Capa 3,MARCAS AMERICANAS CON BUDGET HISPANO,Capa 3,,Contacto encontrado · falta verificar,Title 100K / Presenting 60K,6.000 - 10.000,,"Auburn Hills, MI",https://www.stellantisnorthamerica.com,Marissa Hunter,SVP Consumer Marketing North America,,https://www.linkedin.com/in/marissahunterstellantis,,,,,,,,,,Sí,2,2026-09-28,Por validar,,,La campaña 'A Ganar en Cada Milla' de Ram 1500 celebrando el trabajo incansable de los constructores y agricultores hispanos es un clásico del marketing automotriz.,
1,A · ANCLA,Unilever USA,Capa 3,MARCAS AMERICANAS CON BUDGET HISPANO,Capa 3,,Contacto encontrado · falta verificar,Title 100K / Presenting 60K,6.000 - 10.000,,"Englewood Cliffs, NJ",https://www.unileverusa.com,Esi Eggleston Bracey,Chief Growth and Marketing Officer,,https://www.linkedin.com/in/esiegglestonbracey,,,,,,,,,,Sí,2,2026-09-28,Por validar,,,La iniciativa 'Tupper de Amor' de Knorr y las activaciones de Dove celebrando la autoestima de la mujer latina reflejan un entendimiento profundo del hogar hispano.,
1,A · ANCLA,The Clorox Company,Capa 3,MARCAS AMERICANAS CON BUDGET HISPANO,Capa 3,,Contacto encontrado · falta verificar,Title 100K / Presenting 60K,6.000 - 10.000,,"Oakland, CA",https://www.thecloroxcompany.com,Eric Schwartz,Chief Marketing Officer,,https://www.linkedin.com/in/ericschwartzclorox,,,,,,,,,,Sí,2,2026-09-28,Por validar,,,"Clorox y Poett representan el aroma de limpieza impecable con el que crecieron millones de hispanos, respaldado por su campaña 'Limpio y Seguro'.",
1,A · ANCLA,Kellanova,Capa 3,MARCAS AMERICANAS CON BUDGET HISPANO,Capa 3,,Contacto encontrado · falta verificar,Title 100K / Presenting 60K,6.000 - 10.000,,"Chicago, IL",https://www.kellanova.com,Charisse Hughes,SVP & Global Chief Brand Officer,,https://www.linkedin.com/in/charissehughes,,,,,,,,,,Sí,2,2026-09-28,Por validar,,,Las innovaciones de Pringles con sabores de chile y lima y las campañas en eventos deportivos masivos conectan directamente con el paladar hispano.,
1,A · ANCLA,"Tyson Foods, Inc.",Capa 3,MARCAS AMERICANAS CON BUDGET HISPANO,Capa 3,,Contacto encontrado · falta verificar,Title 100K / Presenting 60K,6.000 - 10.000,,"Springdale, AR",https://www.tysonfoodsinc.com,Melanie Boulden,Group President Prepared Foods & Chief Growth Officer,,https://www.linkedin.com/in/melanieboulden,,,,,,,,,,Sí,2,2026-09-28,Por validar,,,Su rol como principal proveedor de pollo y carnes en supermercados hispanos y sus programas de beneficios bilingües para empleados destacan en la industria.,
1,A · ANCLA,The Campbell Soup Company,Capa 3,MARCAS AMERICANAS CON BUDGET HISPANO,Capa 3,,Contacto encontrado · falta verificar,Title 100K / Presenting 60K,6.000 - 10.000,,"Camden, NJ",https://www.thecampbellsoupcompany.com,Linda Lee,Chief Marketing Officer Meals & Beverages,,https://www.linkedin.com/in/lindaleecampbells,,,,,,,,,,Sí,2,2026-09-28,Por validar,,,La adaptación de caldos y bases para sancocho y pozole bajo la marca Swanson demuestra la integración de la gastronomía hispana en su portafolio.,
1,A · ANCLA,Mars Wrigley North America,Capa 3,MARCAS AMERICANAS CON BUDGET HISPANO,Capa 3,,Contacto encontrado · falta verificar,Title 100K / Presenting 60K,6.000 - 10.000,,"Newark, NJ",https://www.marswrigleynorthamerica.com,Sarah Long,Chief Marketing Officer North America,,https://www.linkedin.com/in/sarahlongmars,,,,,,,,,,Sí,2,2026-09-28,Por validar,,,La campaña de M&M's 'For All Funkind' y los sabores de Skittles y tamarindo conectan con la alegría y los momentos de celebración hispanos.,
1,A · ANCLA,Molson Coors Beverage Company,Capa 3,MARCAS AMERICANAS CON BUDGET HISPANO,Capa 3,,Contacto encontrado · falta verificar,Title 100K / Presenting 60K,6.000 - 10.000,,"Chicago, IL",https://www.molsoncoorsbeveragecompany.com,Sofia Colucci,Chief Marketing Officer,,https://www.linkedin.com/in/sofiacolucci,,,,,,,,,,Sí,2,2026-09-28,Por validar,,,El patrocinio de la Leagues Cup y la campaña 'El Sabor de la Pasión' de Coors Light posicionan a la marca en el epicentro de la celebración futbolera latina.,
1,A · ANCLA,Keurig Dr Pepper,Capa 3,MARCAS AMERICANAS CON BUDGET HISPANO,Capa 3,,Contacto encontrado · falta verificar,Title 100K / Presenting 60K,6.000 - 10.000,,"Burlington, MA / Frisco, TX",https://www.keurigdrpepper.com,Andrew Springate,Chief Marketing Officer,,https://www.linkedin.com/in/andrewspringatekdrp,,,,,,,,,,Sí,2,2026-09-28,Por validar,,,La distribución y crecimiento del agua mineral Peñafiel y Clamato en celebraciones hispanas y micheladas es un pilar fundamental de su estrategia multicultural.,
1,A · ANCLA,Red Bull North America,Capa 3,MARCAS AMERICANAS CON BUDGET HISPANO,Capa 3,,Contacto encontrado · falta verificar,Title 100K / Presenting 60K,6.000 - 10.000,,"Santa Monica, CA",https://www.redbullnorthamerica.com,Mark White,VP Brand Marketing,,https://www.linkedin.com/in/markwhiteredbull,,,,,,,,,,Sí,2,2026-09-28,Por validar,,,La Batalla de los Gallos de Red Bull es el evento cumbre de freestyle en español que congrega a millones de jóvenes latinos en USA y el mundo.,
1,A · ANCLA,Monster Beverage Corporation,Capa 3,MARCAS AMERICANAS CON BUDGET HISPANO,Capa 3,,Contacto encontrado · falta verificar,Title 100K / Presenting 60K,6.000 - 10.000,,"Corona, CA",https://www.monsterbeveragecorporation.com,Dan McHugh,Chief Marketing Officer,,https://www.linkedin.com/in/danmchughmonster,,,,,,,,,,Sí,2,2026-09-28,Por validar,,,El patrocinio de pilotos hispanos en NASCAR y eventos de artes marciales mixtas genera una fuerte conexión con la juventud bicultural.,
1,A · ANCLA,Pernod Ricard USA,Capa 3,MARCAS AMERICANAS CON BUDGET HISPANO,Capa 3,,Contacto encontrado · falta verificar,Title 100K / Presenting 60K,6.000 - 10.000,,"New York, NY",https://www.pernodricardusa.com,Pamela Forbus,Chief Marketing Officer,,https://www.linkedin.com/in/pamelaforbus,,,,,,,,,,Sí,2,2026-09-28,Por validar,,,La valorización del mezcal artesanal con Del Maguey Single Village y la campaña de Tequila Altos enfocada en sustentabilidad resuenan con el consumidor sofisticado.,
2,C · ECOSISTEMA,Meta Platforms (Facebook / Instagram / WhatsApp),Capa 4,PATROCINADORES DEL CRECIMIENTO LATINO,Capa 4,,Contacto encontrado · falta verificar,Tech Showcase 20K / Experience 30K,2.000 - 3.000,,"Menlo Park, CA / Miami Office",https://www.metaplatforms.com,Clara Shih,Head of Business AI & SMB Growth,,https://www.linkedin.com/in/clarashih,,,,,,,,,,Sí,2,2026-09-28,Por validar,,,La iniciativa 'Prosperemos Juntos' y las herramientas de automatización de ventas por WhatsApp Business han impulsado a cientos de miles de microempresarios hispanos.,
2,C · ECOSISTEMA,Microsoft Corporation,Capa 4,PATROCINADORES DEL CRECIMIENTO LATINO,Capa 4,,Contacto encontrado · falta verificar,Tech Showcase 20K / Experience 30K,2.000 - 3.000,,"Redmond, WA / Miami Regional",https://www.microsoftcorporation.com,Michael Ford,Corporate VP Small & Medium Business,,https://www.linkedin.com/in/michaelfordmsft,,,,,,,,,,Sí,2,2026-09-28,Por validar,,,La capacitación en Microsoft Copilot e IA generativa para cámaras de comercio hispanas y el programa 'AI Skills Initiative' democratizan la productividad.,
2,C · ECOSISTEMA,Amazon Web Services (AWS),Capa 4,PATROCINADORES DEL CRECIMIENTO LATINO,Capa 4,,Contacto encontrado · falta verificar,Tech Showcase 20K / Experience 30K,2.000 - 3.000,,"Seattle, WA",https://www.amazonwebservices.com,Jon Jones,VP Global Startups & Venture Capital,,https://www.linkedin.com/in/jonjonesaws,,,,,,,,,,Sí,2,2026-09-28,Por validar,,,Los créditos de computación en la nube del 'AWS Impact Computing' dirigidos a fundadores subrepresentados impulsan la próxima ola de unicornios latinos.,
2,C · ECOSISTEMA,LinkedIn (Microsoft),Capa 4,PATROCINADORES DEL CRECIMIENTO LATINO,Capa 4,,Contacto encontrado · falta verificar,Tech Showcase 20K / Experience 30K,2.000 - 3.000,,"Sunnyvale, CA",https://www.linkedin.com,Teuila Hanson,Chief People Officer & Global Head of Community,,https://www.linkedin.com/in/teuilahanson,,,,,,,,,,Sí,2,2026-09-28,Por validar,,,La serie 'Top Voices en Español' y los cursos bilingües de desarrollo profesional están cerrando la brecha de representación de ejecutivos hispanos en juntas directivas.,
2,C · ECOSISTEMA,"HubSpot, Inc.",Capa 4,PATROCINADORES DEL CRECIMIENTO LATINO,Capa 4,,Contacto encontrado · falta verificar,Tech Showcase 20K / Experience 30K,2.000 - 3.000,,"Cambridge, MA",https://www.hubspotinc.com,Kipp Bodnar,Chief Marketing Officer,,https://www.linkedin.com/in/kippbodnar,,,,,,,,,,Sí,2,2026-09-28,Contactado (Toque 2),2026-09-30,2026-10-06,HubSpot Academy en español y sus herramientas gratuitas de CRM para emprendedores han sido la piedra angular del despegue digital de agencias hispanas.,
2,C · ECOSISTEMA,Mastercard,Capa 4,PATROCINADORES DEL CRECIMIENTO LATINO,Capa 4,,Contacto encontrado · falta verificar,Tech Showcase 20K / Experience 30K,2.000 - 3.000,,"Purchase, NY / Miami LAC HQ",https://www.mastercard.com,Raja Rajamannar,Chief Marketing & Communications Officer,,https://www.linkedin.com/in/rajarajamannar,,,,,,,,,,Sí,2,2026-09-28,Por validar,,,La plataforma 'InStride' y la aceleración de pagos sin contacto en pequeños negocios hispanos marcan el estándar de la economía digital inclusiva.,
2,C · ECOSISTEMA,"PayPal Holdings, Inc.",Capa 4,PATROCINADORES DEL CRECIMIENTO LATINO,Capa 4,,Contacto encontrado · falta verificar,Tech Showcase 20K / Experience 30K,2.000 - 3.000,,"San Jose, CA",https://www.paypalholdingsinc.com,Diego Scotti,EVP & General Manager Consumer Group,,https://www.linkedin.com/in/diegoscotti,,,,,,,,,,Sí,2,2026-09-28,Por validar,,,El fondo de $530M de PayPal para apoyar a empresas minoritarias y la integración de remesas transfronterizas vía Xoom facilitan el flujo de capital hispano.,
2,C · ECOSISTEMA,Morgan Stanley,Capa 4,PATROCINADORES DEL CRECIMIENTO LATINO,Capa 4,,Contacto encontrado · falta verificar,Tech Showcase 20K / Experience 30K,2.000 - 3.000,,"New York, NY / Miami Branch",https://www.morganstanley.com,Alice Milligan,Chief Marketing Officer,,https://www.linkedin.com/in/alicemilligan,,,,,,,,,,Sí,2,2026-09-28,Por validar,,,El 'Inclusive Ventures Lab' de Morgan Stanley invirtiendo en startups de fundadores latinos acelera el acceso a rondas de capital institucional de serie A.,
2,C · ECOSISTEMA,Northwestern Mutual,Capa 4,PATROCINADORES DEL CRECIMIENTO LATINO,Capa 4,,Contacto encontrado · falta verificar,Tech Showcase 20K / Experience 30K,2.000 - 3.000,,"Milwaukee, WI",https://www.northwesternmutual.com,Tim Gerend,President & Chief Distribution Officer,,https://www.linkedin.com/in/timgerend,,,,,,,,,,Sí,2,2026-09-28,Por validar,,,Su estudio 'Planning & Progress' destacando la resiliencia financiera de los dueños de negocios latinos orienta estrategias de inversión patrimonial.,
2,C · ECOSISTEMA,KPMG US,Capa 4,PATROCINADORES DEL CRECIMIENTO LATINO,Capa 4,,Contacto encontrado · falta verificar,Tech Showcase 20K / Experience 30K,2.000 - 3.000,,"New York, NY / Miami Center",https://www.kpmgus.com,Elena Richards,"Chief Diversity, Equity & Inclusion Officer",,https://www.linkedin.com/in/elenarichardskpmg,,,,,,,,,,Sí,2,2026-09-28,Por validar,,,El 'KPMG Women's Leadership Summit' y la red 'Somos KPMG' apoyando a fundadores y ejecutivos latinos consolidan su liderazgo en gobierno corporativo.,
2,C · ECOSISTEMA,Apple Inc. (Apple for Business),Capa 4,PATROCINADORES DEL CRECIMIENTO LATINO,Capa 4,,Contacto encontrado · falta verificar,Tech Showcase 20K / Experience 30K,2.000 - 3.000,,"Cupertino, CA / Miami Coral Gables",https://www.appleinc.com,Susan Prescott,VP Worldwide Developer Relations & Enterprise Marketing,,https://www.linkedin.com/in/susanprescottapple,,,,,,,,,,Sí,2,2026-09-28,Por validar,,,El 'Apple Entrepreneur Camp' para fundadores hispanos y el programa 'Apple at Work' son la base operativa y tecnológica del emprendimiento moderno.,
2,C · ECOSISTEMA,IBM Corporation,Capa 4,PATROCINADORES DEL CRECIMIENTO LATINO,Capa 4,,Contacto encontrado · falta verificar,Tech Showcase 20K / Experience 30K,2.000 - 3.000,,"Armonk, NY",https://www.ibmcorporation.com,Jonathan Adashek,Chief Communications Officer & SVP Marketing,,https://www.linkedin.com/in/jonathanadashek,,,,,,,,,,Sí,2,2026-09-28,Por validar,,,La plataforma watsonx de IA y el programa 'IBM SkillsBuild' capacitando a estudiantes y dueños de negocio latinos en automatización empresarial segura.,
2,C · ECOSISTEMA,"SAP America, Inc.",Capa 4,PATROCINADORES DEL CRECIMIENTO LATINO,Capa 4,,Contacto encontrado · falta verificar,Tech Showcase 20K / Experience 30K,2.000 - 3.000,,"Newtown Square, PA",https://www.sapamericainc.com,Julia White,Chief Marketing & Solutions Officer,,https://www.linkedin.com/in/juliawhite,,,,,,,,,,Sí,2,2026-09-28,Por validar,,,"El programa 'SAP Business One' optimizando las operaciones de importación, distribución y alimentos de los mayores grupos empresariales hispanos en USA.",
2,C · ECOSISTEMA,"Cisco Systems, Inc.",Capa 4,PATROCINADORES DEL CRECIMIENTO LATINO,Capa 4,,Contacto encontrado · falta verificar,Tech Showcase 20K / Experience 30K,2.000 - 3.000,,"San Jose, CA",https://www.ciscosystemsinc.com,Carrie Palin,SVP & Chief Marketing Officer,,https://www.linkedin.com/in/carriepalin,,,,,,,,,,Sí,2,2026-09-28,Por validar,,,"La red Cisco Networking Academy capacitando a más de 100,000 técnicos hispanos en seguridad cibernética e infraestructura digital crítica.",
2,C · ECOSISTEMA,"ServiceNow, Inc.",Capa 4,PATROCINADORES DEL CRECIMIENTO LATINO,Capa 4,,Contacto encontrado · falta verificar,Tech Showcase 20K / Experience 30K,2.000 - 3.000,,"Santa Clara, CA",https://www.servicenowinc.com,Colin Fleming,Chief Marketing Officer,,https://www.linkedin.com/in/colinfleming,,,,,,,,,,Sí,2,2026-09-28,Por validar,,,La automatización de procesos internos para empresas en rápido crecimiento mediante 'Now Platform' permitiendo escalar operaciones sin fricciones.,
2,C · ECOSISTEMA,Snowflake Inc.,Capa 4,PATROCINADORES DEL CRECIMIENTO LATINO,Capa 4,,Contacto encontrado · falta verificar,Tech Showcase 20K / Experience 30K,2.000 - 3.000,,"Bozeman, MT / San Mateo, CA",https://www.snowflakeinc.com,Denise Persson,Chief Marketing Officer,,https://www.linkedin.com/in/denisepersson,,,,,,,,,,Sí,2,2026-09-28,Por validar,,,El uso de Snowflake Data Cloud para centralizar métricas de ventas y comportamiento del consumidor multicultural en tiempo real es una ventaja competitiva única.,
2,C · ECOSISTEMA,"Zoom Video Communications, Inc.",Capa 4,PATROCINADORES DEL CRECIMIENTO LATINO,Capa 4,,Contacto encontrado · falta verificar,Tech Showcase 20K / Experience 30K,2.000 - 3.000,,"San Jose, CA",https://www.zoomvideocommunicationsinc.com,Wendy Bergh,General Manager Online Business,,https://www.linkedin.com/in/wendybergh,,,,,,,,,,Sí,2,2026-09-28,Por validar,,,La traducción simultánea con IA en Zoom Workplace eliminando barreras de idioma en negocios transfronterizos entre USA y América Latina.,
2,C · ECOSISTEMA,"DocuSign, Inc.",Capa 4,PATROCINADORES DEL CRECIMIENTO LATINO,Capa 4,,Contacto encontrado · falta verificar,Tech Showcase 20K / Experience 30K,2.000 - 3.000,,"San Francisco, CA",https://www.docusigninc.com,Robert Chatwani,Chief Marketing Officer,,https://www.linkedin.com/in/robertchatwani,,,,,,,,,,Sí,2,2026-09-28,Por validar,,,La digitalización de acuerdos de bienes raíces y contratos mercantiles bilingües acelerando los negocios y cierres notariales hispanos.,
2,C · ECOSISTEMA,"Dropbox, Inc.",Capa 4,PATROCINADORES DEL CRECIMIENTO LATINO,Capa 4,,Contacto encontrado · falta verificar,Tech Showcase 20K / Experience 30K,2.000 - 3.000,,"San Francisco, CA",https://www.dropboxinc.com,Tali Bray,Head of Small Business Strategy,,https://www.linkedin.com/in/talibray,,,,,,,,,,Sí,2,2026-09-28,Por validar,,,Dropbox Dash y las herramientas de búsqueda con IA facilitando a equipos remotos hispanos organizar proyectos y documentación comercial.,
2,C · ECOSISTEMA,"Box, Inc.",Capa 4,PATROCINADORES DEL CRECIMIENTO LATINO,Capa 4,,Contacto encontrado · falta verificar,Tech Showcase 20K / Experience 30K,2.000 - 3.000,,"Redwood City, CA",https://www.boxinc.com,Chris Child,VP Product Marketing & Community,,https://www.linkedin.com/in/chrischildbox,,,,,,,,,,Sí,2,2026-09-28,Por validar,,,Box AI permitiendo a firmas legales y corporaciones en Miami gestionar auditorías y cumplimiento regulatorio bancario con máxima seguridad.,
2,C · ECOSISTEMA,Atlassian,Capa 4,PATROCINADORES DEL CRECIMIENTO LATINO,Capa 4,,Contacto encontrado · falta verificar,Tech Showcase 20K / Experience 30K,2.000 - 3.000,,"San Francisco, CA",https://www.atlassian.com,Zeynep Ozdemir,Chief Marketing Officer,,https://www.linkedin.com/in/zeynepozdemir,,,,,,,,,,Sí,2,2026-09-28,Por validar,,,Trello y Jira son las herramientas metodológicas estándar con las que startups y agencias de marketing hispanas coordinan sus sprints de lanzamiento.,
2,C · ECOSISTEMA,Canva,Capa 4,PATROCINADORES DEL CRECIMIENTO LATINO,Capa 4,,Contacto encontrado · falta verificar,Tech Showcase 20K / Experience 30K,2.000 - 3.000,,"San Francisco, CA / Sydney",https://www.canva.com,Zach Kitschke,Chief Marketing Officer,,https://www.linkedin.com/in/zachkitschke,,,,,,,,,,Sí,2,2026-09-28,Por validar,,,El crecimiento viral de 'Canva para Equipos' en español ha revolucionado la creación de presentaciones corporativas y branding para dueños de negocios.,
2,C · ECOSISTEMA,GoDaddy Inc.,Capa 4,PATROCINADORES DEL CRECIMIENTO LATINO,Capa 4,,Contacto encontrado · falta verificar,Tech Showcase 20K / Experience 30K,2.000 - 3.000,,"Tempe, AZ",https://www.godaddyinc.com,Fara Howard,Chief Marketing Officer,,https://www.linkedin.com/in/farahoward,,,,,,,,,,Sí,2,2026-09-28,Por validar,,,El programa 'Open We Stand' y 'Empower by GoDaddy' capacitando a microempresarios latinos para digitalizar su negocio y aceptar pagos en línea.,
2,C · ECOSISTEMA,Wix.com,Capa 4,PATROCINADORES DEL CRECIMIENTO LATINO,Capa 4,,Contacto encontrado · falta verificar,Tech Showcase 20K / Experience 30K,2.000 - 3.000,,"New York, NY / Tel Aviv",https://www.wixcom.com,Omer Shai,Chief Marketing Officer,,https://www.linkedin.com/in/omershai,,,,,,,,,,Sí,2,2026-09-28,Por validar,,,Wix Studio con capacidades avanzadas de diseño e IA brindando a agencias de marketing en Miami la infraestructura web para sus clientes.,
2,C · ECOSISTEMA,"Stripe, Inc.",Capa 4,PATROCINADORES DEL CRECIMIENTO LATINO,Capa 4,,Contacto encontrado · falta verificar,Tech Showcase 20K / Experience 30K,2.000 - 3.000,,"San Francisco, CA / Dublin",https://www.stripeinc.com,Jeff Weiser,Chief Marketing Officer,,https://www.linkedin.com/in/jeffweiser,,,,,,,,,,Sí,2,2026-09-28,Por validar,,,Stripe Atlas permitiendo a miles de emprendedores latinoamericanos constituir compañías en Delaware y aceptar pagos globales en minutos.,
2,C · ECOSISTEMA,Adyen,Capa 4,PATROCINADORES DEL CRECIMIENTO LATINO,Capa 4,,Contacto encontrado · falta verificar,Tech Showcase 20K / Experience 30K,2.000 - 3.000,,"Amsterdam / San Francisco, CA",https://www.adyen.com,Davida Ott,Head of Marketing North America,,https://www.linkedin.com/in/davidaott,,,,,,,,,,Sí,2,2026-09-28,Por validar,,,La unificación de pagos presenciales y online para franquicias de comida rápida y retail latino optimizando la tasa de conversión.,
2,C · ECOSISTEMA,"Clover Network, Inc.",Capa 4,PATROCINADORES DEL CRECIMIENTO LATINO,Capa 4,,Contacto encontrado · falta verificar,Tech Showcase 20K / Experience 30K,2.000 - 3.000,,"Sunnyvale, CA",https://www.clovernetworkinc.com,John Gibbons,Head of Financial Institutions & Clover,,https://www.linkedin.com/in/johngibbonsclover,,,,,,,,,,Sí,2,2026-09-28,Por validar,,,"Las terminales Clover Station presentes en miles de bodegas, panaderías y talleres mecánicos hispanos integrando inventario y cobro inteligente.",
2,C · ECOSISTEMA,Brex Inc.,Capa 4,PATROCINADORES DEL CRECIMIENTO LATINO,Capa 4,,Contacto encontrado · falta verificar,Tech Showcase 20K / Experience 30K,2.000 - 3.000,,"San Francisco, CA",https://www.brexinc.com,Karandeep Anand,Chief Product Officer & Growth,,https://www.linkedin.com/in/karandeepanand,,,,,,,,,,Sí,2,2026-09-28,Por validar,,,"Fundada por inmigrantes brasileños, Brex entiende mejor que nadie la necesidad de financiamiento flexible y software de gastos para fundadores visionarios.",
2,C · ECOSISTEMA,Ramp Business Corporation,Capa 4,PATROCINADORES DEL CRECIMIENTO LATINO,Capa 4,,Contacto encontrado · falta verificar,Tech Showcase 20K / Experience 30K,2.000 - 3.000,,"New York, NY",https://www.rampbusinesscorporation.com,Colin Kennedy,Chief Business Officer,,https://www.linkedin.com/in/colinkennedyramp,,,,,,,,,,Sí,2,2026-09-28,Por validar,,,El crecimiento exponencial de Ramp ayudando a empresas medianas a recortar gastos superfluos con software de IA financiera de alta precisión.,
2,C · ECOSISTEMA,Mercury Technologies,Capa 4,PATROCINADORES DEL CRECIMIENTO LATINO,Capa 4,,Contacto encontrado · falta verificar,Tech Showcase 20K / Experience 30K,2.000 - 3.000,,"San Francisco, CA",https://www.mercurytechnologies.com,Immad Akhund,Chief Executive Officer,,https://www.linkedin.com/in/immad,,,,,,,,,,Sí,2,2026-09-28,Por validar,,,La cuenta bancaria empresarial preferida por la comunidad tech y los emprendedores transfronterizos que operan entre Latinoamérica y Miami.,
